2026-09-27 16:29:21 [INFO] [order_api] Database connection acquired from pool.
2026-09-27 16:29:49 [INFO] [order_api] Token refreshed for session 6466.
2026-09-27 16:30:34 [INFO] [auth_service] Health check probe passed in 1702ms.
2026-09-27 16:30:46 [ERROR] [order_api] PaymentGatewayTimeout: Stripe API call exceeded 5000ms threshold.
2026-09-27 16:31:23 [WARNING] [user_service] Slow query detected: 2324ms execution time.
2026-09-27 16:32:08 [ERROR] [notification_worker] DatabaseConnectionError: Failed to connect to host db-replica-1:5432.
2026-09-27 16:32:31 [DEBUG] [order_api] Payload verification completed for request #72244.
2026-09-27 16:33:09 [DEBUG] [auth_service] Payload verification completed for request #99305.
2026-09-27 16:33:17 [ERROR] [user_service] KeyError: 'user_id' not found in incoming request payload.
2026-09-27 16:33:45 [INFO] [payment_gateway] Health check probe passed in 868ms.
2026-09-27 16:34:01 [WARNING] [order_api] Slow query detected: 1521ms execution time.
2026-09-27 16:34:46 [INFO] [payment_gateway] User 612 logged in successfully.
2026-09-27 16:35:21 [CRITICAL] [db_pool] ServiceUnavailable: Downstream auth cluster unreachable.
2026-09-27 16:35:27 [DEBUG] [auth_service] Cache hit for key 'session:1538'.
2026-09-27 16:35:48 [ERROR] [auth_service] DatabaseConnectionError: Failed to connect to host db-replica-1:5432.
2026-09-27 16:36:11 [INFO] [user_service] Health check probe passed in 1041ms.
2026-09-27 16:36:56 [INFO] [db_pool] Health check probe passed in 1759ms.
2026-09-27 16:37:17 [INFO] [db_pool] User 502 logged in successfully.
2026-09-27 16:37:28 [INFO] [user_service] Notification dispatched to user 785.
2026-09-27 16:37:50 [DEBUG] [user_service] Payload verification completed for request #65256.
2026-09-27 16:38:33 [DEBUG] [notification_worker] Cache hit for key 'session:5118'.
2026-09-27 16:39:05 [DEBUG] [payment_gateway] Payload verification completed for request #79484.
2026-09-27 16:39:44 [INFO] [db_pool] Notification dispatched to user 104.
2026-09-27 16:40:16 [WARNING] [db_pool] Slow query detected: 1388ms execution time.
2026-09-27 16:40:20 [INFO] [payment_gateway] User 191 logged in successfully.
2026-09-27 16:40:45 [INFO] [payment_gateway] Order #19443 placed. Total: $295.66.
2026-09-27 16:41:14 [INFO] [user_service] User 640 logged in successfully.
2026-09-27 16:41:44 [DEBUG] [user_service] Connection pool active connections: 41.
2026-09-27 16:41:55 [INFO] [payment_gateway] Health check probe passed in 302ms.
2026-09-27 16:42:27 [WARNING] [notification_worker] Rate limit threshold reached for IP 192.168.1.169.
2026-09-27 16:42:56 [INFO] [order_api] Token refreshed for session 4359.
2026-09-27 16:43:22 [CRITICAL] [notification_worker] OutOfMemoryError: Container worker-2 killed by OOM killer.
2026-09-27 16:43:39 [INFO] [user_service] Token refreshed for session 7175.
2026-09-27 16:43:40 [INFO] [payment_gateway] Notification dispatched to user 648.
2026-09-27 16:43:53 [INFO] [user_service] Database connection acquired from pool.
2026-09-27 16:44:00 [INFO] [user_service] Notification dispatched to user 794.
2026-09-27 16:44:24 [INFO] [db_pool] User 351 logged in successfully.
2026-09-27 16:44:30 [INFO] [order_api] Notification dispatched to user 630.
2026-09-27 16:44:51 [DEBUG] [db_pool] Executing query: SELECT * FROM users WHERE id = 696;
2026-09-27 16:45:12 [ERROR] [auth_service] AuthenticationFailed: Invalid JWT signature for user 255.
2026-09-27 16:45:32 [INFO] [auth_service] User 897 logged in successfully.
2026-09-27 16:45:51 [CRITICAL] [auth_service] DeadlockDetected: Transaction aborted on table 'orders'.
2026-09-27 16:46:22 [INFO] [auth_service] Order #47744 placed. Total: $359.74.
2026-09-27 16:47:05 [DEBUG] [user_service] Cache hit for key 'session:1666'.
2026-09-27 16:47:08 [WARNING] [notification_worker] Deprecated API endpoint accessed: /v1/checkout.
2026-09-27 16:47:46 [INFO] [auth_service] Notification dispatched to user 188.
2026-09-27 16:48:05 [WARNING] [db_pool] Rate limit threshold reached for IP 192.168.1.61.
2026-09-27 16:48:45 [WARNING] [auth_service] Deprecated API endpoint accessed: /v1/checkout.
2026-09-27 16:48:52 [WARNING] [db_pool] High memory consumption detected: 88% used.
2026-09-27 16:49:16 [DEBUG] [notification_worker] Executing query: SELECT * FROM users WHERE id = 430;
2026-09-27 16:49:29 [INFO] [db_pool] Token refreshed for session 2416.
2026-09-27 16:50:05 [INFO] [auth_service] Notification dispatched to user 990.
2026-09-27 16:50:26 [INFO] [user_service] Notification dispatched to user 852.
2026-09-27 16:50:39 [INFO] [auth_service] Health check probe passed in 517ms.
2026-09-27 16:50:52 [INFO] [notification_worker] Database connection acquired from pool.
2026-09-27 16:51:33 [INFO] [order_api] Database connection acquired from pool.
2026-09-27 16:51:37 [INFO] [notification_worker] Health check probe passed in 1993ms.
2026-09-27 16:51:50 [INFO] [order_api] Notification dispatched to user 191.
2026-09-27 16:52:31 [DEBUG] [user_service] Cache hit for key 'session:2669'.
2026-09-27 16:53:05 [INFO] [user_service] Order #89141 placed. Total: $170.93.
2026-09-27 16:53:42 [INFO] [order_api] User 651 logged in successfully.
2026-09-27 16:54:08 [INFO] [order_api] User 635 logged in successfully.
2026-09-27 16:54:45 [INFO] [auth_service] Notification dispatched to user 138.
2026-09-27 16:55:08 [INFO] [db_pool] Health check probe passed in 679ms.
2026-09-27 16:55:50 [INFO] [db_pool] User 757 logged in successfully.
2026-09-27 16:56:16 [INFO] [payment_gateway] Database connection acquired from pool.
2026-09-27 16:56:52 [INFO] [notification_worker] User 858 logged in successfully.
2026-09-27 16:57:22 [INFO] [user_service] Order #33929 placed. Total: $365.98.
2026-09-27 16:57:53 [WARNING] [db_pool] Rate limit threshold reached for IP 192.168.1.199.
2026-09-27 16:58:07 [INFO] [notification_worker] Token refreshed for session 6520.
2026-09-27 16:58:24 [WARNING] [db_pool] Slow query detected: 2210ms execution time.
2026-09-27 16:58:25 [INFO] [user_service] Health check probe passed in 1763ms.
2026-09-27 16:58:57 [INFO] [order_api] Database connection acquired from pool.
2026-09-27 16:59:14 [DEBUG] [db_pool] Executing query: SELECT * FROM users WHERE id = 626;
2026-09-27 16:59:36 [INFO] [notification_worker] Database connection acquired from pool.
2026-09-27 17:00:21 [INFO] [order_api] Health check probe passed in 468ms.
2026-09-27 17:00:59 [INFO] [payment_gateway] Order #59815 placed. Total: $15.26.
2026-09-27 17:01:23 [INFO] [notification_worker] Notification dispatched to user 455.
2026-09-27 17:01:43 [DEBUG] [notification_worker] Connection pool active connections: 24.
2026-09-27 17:02:16 [INFO] [payment_gateway] User 461 logged in successfully.
2026-09-27 17:02:20 [WARNING] [user_service] High memory consumption detected: 82% used.
2026-09-27 17:02:56 [INFO] [auth_service] Notification dispatched to user 868.
2026-09-27 17:03:28 [INFO] [payment_gateway] Token refreshed for session 2234.
2026-09-27 17:03:38 [WARNING] [notification_worker] Rate limit threshold reached for IP 192.168.1.179.
2026-09-27 17:03:39 [INFO] [order_api] Order #52929 placed. Total: $362.41.
2026-09-27 17:03:48 [ERROR] [db_pool] IntegrityError: Duplicate key value violates unique constraint 'users_email_key'.
2026-09-27 17:04:20 [INFO] [auth_service] Order #97588 placed. Total: $74.93.
2026-09-27 17:04:42 [INFO] [order_api] Order #49093 placed. Total: $458.20.
2026-09-27 17:05:19 [INFO] [db_pool] Database connection acquired from pool.
2026-09-27 17:05:30 [INFO] [order_api] Health check probe passed in 608ms.
2026-09-27 17:05:36 [INFO] [payment_gateway] User 790 logged in successfully.
2026-09-27 17:05:43 [INFO] [user_service] Order #38631 placed. Total: $417.32.
2026-09-27 17:05:59 [DEBUG] [order_api] Executing query: SELECT * FROM users WHERE id = 383;
2026-09-27 17:06:18 [DEBUG] [order_api] Cache hit for key 'session:7503'.
2026-09-27 17:06:53 [INFO] [notification_worker] Token refreshed for session 6780.
2026-09-27 17:07:13 [INFO] [payment_gateway] Health check probe passed in 1164ms.
2026-09-27 17:07:35 [ERROR] [notification_worker] KeyError: 'user_id' not found in incoming request payload.
2026-09-27 17:07:38 [INFO] [db_pool] Database connection acquired from pool.
2026-09-27 17:08:09 [INFO] [db_pool] Order #22894 placed. Total: $258.84.
2026-09-27 17:08:43 [CRITICAL] [auth_service] DeadlockDetected: Transaction aborted on table 'orders'.
2026-09-27 17:08:55 [INFO] [db_pool] Order #99399 placed. Total: $40.09.
2026-09-27 17:09:00 [INFO] [db_pool] Notification dispatched to user 435.
2026-09-27 17:09:11 [DEBUG] [payment_gateway] Executing query: SELECT * FROM users WHERE id = 997;
2026-09-27 17:09:47 [INFO] [user_service] Health check probe passed in 253ms.
2026-09-27 17:10:07 [INFO] [db_pool] Notification dispatched to user 421.
2026-09-27 17:10:10 [INFO] [payment_gateway] Order #91425 placed. Total: $90.93.
2026-09-27 17:10:31 [INFO] [notification_worker] Token refreshed for session 6346.
2026-09-27 17:10:48 [DEBUG] [order_api] Executing query: SELECT * FROM users WHERE id = 298;
2026-09-27 17:11:32 [INFO] [payment_gateway] Health check probe passed in 375ms.
2026-09-27 17:11:47 [WARNING] [auth_service] Deprecated API endpoint accessed: /v1/checkout.
2026-09-27 17:12:07 [ERROR] [user_service] KeyError: 'user_id' not found in incoming request payload.
2026-09-27 17:12:17 [INFO] [db_pool] Health check probe passed in 2315ms.
2026-09-27 17:12:18 [INFO] [db_pool] Notification dispatched to user 204.
2026-09-27 17:12:38 [ERROR] [order_api] KeyError: 'user_id' not found in incoming request payload.
2026-09-27 17:12:42 [DEBUG] [notification_worker] Connection pool active connections: 40.
2026-09-27 17:13:05 [INFO] [payment_gateway] Database connection acquired from pool.
2026-09-27 17:13:10 [DEBUG] [user_service] Executing query: SELECT * FROM users WHERE id = 295;
2026-09-27 17:13:25 [DEBUG] [auth_service] Executing query: SELECT * FROM users WHERE id = 936;
2026-09-27 17:13:38 [INFO] [payment_gateway] Order #94188 placed. Total: $268.05.
2026-09-27 17:14:00 [DEBUG] [payment_gateway] Cache hit for key 'session:2873'.
2026-09-27 17:14:23 [INFO] [payment_gateway] Health check probe passed in 1348ms.
2026-09-27 17:15:01 [INFO] [notification_worker] Health check probe passed in 1131ms.
2026-09-27 17:15:14 [INFO] [payment_gateway] Order #99192 placed. Total: $24.30.
2026-09-27 17:15:48 [CRITICAL] [auth_service] ServiceUnavailable: Downstream auth cluster unreachable.
2026-09-27 17:16:28 [INFO] [db_pool] Order #97396 placed. Total: $135.47.
2026-09-27 17:16:52 [DEBUG] [payment_gateway] Cache hit for key 'session:4345'.
2026-09-27 17:17:01 [ERROR] [user_service] KeyError: 'user_id' not found in incoming request payload.
2026-09-27 17:17:30 [INFO] [auth_service] Health check probe passed in 642ms.
2026-09-27 17:18:03 [DEBUG] [db_pool] Connection pool active connections: 27.
2026-09-27 17:18:35 [INFO] [payment_gateway] Token refreshed for session 7555.
2026-09-27 17:19:19 [DEBUG] [db_pool] Executing query: SELECT * FROM users WHERE id = 468;
2026-09-27 17:19:32 [INFO] [notification_worker] Health check probe passed in 987ms.
2026-09-27 17:20:02 [INFO] [user_service] Order #34470 placed. Total: $291.73.
2026-09-27 17:20:20 [INFO] [order_api] Order #89285 placed. Total: $270.11.
2026-09-27 17:20:53 [INFO] [order_api] Database connection acquired from pool.
2026-09-27 17:21:23 [INFO] [order_api] Token refreshed for session 3659.
2026-09-27 17:21:52 [INFO] [auth_service] Token refreshed for session 5185.
2026-09-27 17:22:11 [INFO] [payment_gateway] Token refreshed for session 3915.
2026-09-27 17:22:45 [INFO] [payment_gateway] User 142 logged in successfully.
2026-09-27 17:23:06 [INFO] [order_api] Notification dispatched to user 898.
2026-09-27 17:23:13 [DEBUG] [auth_service] Connection pool active connections: 32.
2026-09-27 17:23:40 [INFO] [db_pool] Health check probe passed in 456ms.
2026-09-27 17:23:57 [INFO] [payment_gateway] User 278 logged in successfully.
2026-09-27 17:24:36 [INFO] [notification_worker] User 798 logged in successfully.
2026-09-27 17:24:56 [INFO] [payment_gateway] User 476 logged in successfully.
2026-09-27 17:25:36 [ERROR] [user_service] FileNotFoundError: Template /app/templates/receipt.html not found.
2026-09-27 17:26:20 [INFO] [order_api] Token refreshed for session 7975.
2026-09-27 17:26:26 [ERROR] [notification_worker] KeyError: 'user_id' not found in incoming request payload.
2026-09-27 17:26:42 [INFO] [db_pool] Token refreshed for session 2487.
2026-09-27 17:27:21 [INFO] [db_pool] Database connection acquired from pool.
2026-09-27 17:28:05 [INFO] [order_api] Order #92970 placed. Total: $79.73.
2026-09-27 17:28:28 [INFO] [auth_service] Order #92124 placed. Total: $469.59.
2026-09-27 17:28:31 [ERROR] [user_service] AuthenticationFailed: Invalid JWT signature for user 988.
2026-09-27 17:28:34 [INFO] [auth_service] Database connection acquired from pool.
2026-09-27 17:28:41 [INFO] [auth_service] Database connection acquired from pool.
2026-09-27 17:28:51 [INFO] [db_pool] Health check probe passed in 533ms.
2026-09-27 17:29:34 [CRITICAL] [order_api] DeadlockDetected: Transaction aborted on table 'orders'.
2026-09-27 17:30:18 [INFO] [auth_service] Health check probe passed in 954ms.
2026-09-27 17:30:47 [INFO] [user_service] Health check probe passed in 1192ms.
2026-09-27 17:30:50 [CRITICAL] [user_service] ServiceUnavailable: Downstream auth cluster unreachable.
2026-09-27 17:31:34 [DEBUG] [user_service] Connection pool active connections: 48.
2026-09-27 17:32:14 [INFO] [user_service] Token refreshed for session 1796.
2026-09-27 17:32:34 [WARNING] [auth_service] Deprecated API endpoint accessed: /v1/checkout.
2026-09-27 17:33:11 [DEBUG] [notification_worker] Cache hit for key 'session:7681'.
2026-09-27 17:33:24 [INFO] [auth_service] Token refreshed for session 6744.
2026-09-27 17:33:29 [ERROR] [payment_gateway] AuthenticationFailed: Invalid JWT signature for user 761.
2026-09-27 17:34:04 [INFO] [db_pool] Order #48837 placed. Total: $129.47.
2026-09-27 17:34:22 [INFO] [auth_service] Health check probe passed in 1178ms.
2026-09-27 17:34:23 [INFO] [order_api] Notification dispatched to user 641.
2026-09-27 17:34:57 [DEBUG] [payment_gateway] Cache hit for key 'session:9247'.
2026-09-27 17:35:41 [INFO] [db_pool] Order #60126 placed. Total: $249.52.
2026-09-27 17:36:02 [INFO] [db_pool] User 465 logged in successfully.
2026-09-27 17:36:45 [INFO] [payment_gateway] Health check probe passed in 244ms.
2026-09-27 17:36:59 [WARNING] [auth_service] Rate limit threshold reached for IP 192.168.1.51.
2026-09-27 17:37:16 [INFO] [notification_worker] User 374 logged in successfully.
2026-09-27 17:37:27 [DEBUG] [user_service] Payload verification completed for request #78519.
2026-09-27 17:37:29 [INFO] [db_pool] Order #69273 placed. Total: $180.54.
2026-09-27 17:38:04 [INFO] [db_pool] Token refreshed for session 5468.
2026-09-27 17:38:32 [INFO] [auth_service] Token refreshed for session 9049.
2026-09-27 17:39:07 [CRITICAL] [order_api] OutOfMemoryError: Container worker-2 killed by OOM killer.
2026-09-27 17:39:23 [ERROR] [notification_worker] PaymentGatewayTimeout: Stripe API call exceeded 5000ms threshold.
2026-09-27 17:40:00 [CRITICAL] [db_pool] ServiceUnavailable: Downstream auth cluster unreachable.
2026-09-27 17:40:39 [INFO] [auth_service] Database connection acquired from pool.
2026-09-27 17:40:49 [INFO] [payment_gateway] Token refreshed for session 3195.
2026-09-27 17:41:15 [INFO] [db_pool] Database connection acquired from pool.
2026-09-27 17:41:32 [DEBUG] [payment_gateway] Connection pool active connections: 6.
2026-09-27 17:42:15 [INFO] [auth_service] Token refreshed for session 2210.
2026-09-27 17:42:59 [INFO] [payment_gateway] Health check probe passed in 1519ms.
2026-09-27 17:43:03 [CRITICAL] [user_service] ServiceUnavailable: Downstream auth cluster unreachable.
2026-09-27 17:43:46 [INFO] [db_pool] Token refreshed for session 7186.
2026-09-27 17:44:17 [ERROR] [payment_gateway] PaymentGatewayTimeout: Stripe API call exceeded 5000ms threshold.
2026-09-27 17:44:18 [INFO] [user_service] Token refreshed for session 4220.
2026-09-27 17:44:24 [DEBUG] [user_service] Payload verification completed for request #51904.
2026-09-27 17:44:53 [INFO] [payment_gateway] Token refreshed for session 4384.
2026-09-27 17:45:27 [INFO] [user_service] Database connection acquired from pool.
2026-09-27 17:45:37 [INFO] [db_pool] Notification dispatched to user 622.
2026-09-27 17:46:02 [INFO] [order_api] User 169 logged in successfully.
2026-09-27 17:46:40 [INFO] [db_pool] Notification dispatched to user 802.
2026-09-27 17:47:03 [ERROR] [order_api] KeyError: 'user_id' not found in incoming request payload.
2026-09-27 17:47:19 [INFO] [db_pool] Database connection acquired from pool.
2026-09-27 17:47:57 [INFO] [notification_worker] Notification dispatched to user 841.
2026-09-27 17:48:25 [INFO] [user_service] Notification dispatched to user 751.
2026-09-27 17:48:36 [INFO] [db_pool] Order #29649 placed. Total: $323.43.
2026-09-27 17:48:44 [INFO] [order_api] User 897 logged in successfully.
2026-09-27 17:48:46 [INFO] [user_service] Notification dispatched to user 638.
2026-09-27 17:48:57 [WARNING] [order_api] Slow query detected: 2065ms execution time.
2026-09-27 17:49:05 [INFO] [user_service] Token refreshed for session 7288.
2026-09-27 17:49:37 [CRITICAL] [db_pool] OutOfMemoryError: Container worker-2 killed by OOM killer.
2026-09-27 17:49:42 [INFO] [order_api] Health check probe passed in 1808ms.
2026-09-27 17:50:08 [INFO] [db_pool] Notification dispatched to user 822.
2026-09-27 17:50:17 [INFO] [order_api] Order #66948 placed. Total: $144.51.
2026-09-27 17:50:20 [INFO] [user_service] Database connection acquired from pool.
2026-09-27 17:50:46 [INFO] [order_api] Token refreshed for session 1583.
2026-09-27 17:51:16 [INFO] [order_api] Database connection acquired from pool.
2026-09-27 17:51:25 [WARNING] [payment_gateway] Slow query detected: 836ms execution time.
2026-09-27 17:51:33 [DEBUG] [db_pool] Payload verification completed for request #50021.
2026-09-27 17:52:13 [INFO] [notification_worker] Order #24087 placed. Total: $108.17.
2026-09-27 17:52:43 [INFO] [order_api] Token refreshed for session 2870.
2026-09-27 17:52:58 [INFO] [order_api] Order #19862 placed. Total: $282.77.
2026-09-27 17:53:03 [INFO] [notification_worker] Notification dispatched to user 301.
2026-09-27 17:53:12 [INFO] [notification_worker] Token refreshed for session 6893.
2026-09-27 17:53:45 [INFO] [user_service] User 504 logged in successfully.
2026-09-27 17:54:03 [WARNING] [auth_service] Slow query detected: 1792ms execution time.
2026-09-27 17:54:25 [DEBUG] [auth_service] Payload verification completed for request #75072.
2026-09-27 17:54:38 [CRITICAL] [db_pool] ServiceUnavailable: Downstream auth cluster unreachable.
2026-09-27 17:54:47 [INFO] [notification_worker] Order #37700 placed. Total: $253.70.
2026-09-27 17:54:49 [INFO] [auth_service] Token refreshed for session 5145.
2026-09-27 17:54:54 [INFO] [auth_service] Order #83667 placed. Total: $385.99.
2026-09-27 17:55:20 [DEBUG] [user_service] Executing query: SELECT * FROM users WHERE id = 470;
2026-09-27 17:55:30 [INFO] [user_service] Database connection acquired from pool.
2026-09-27 17:55:31 [WARNING] [payment_gateway] Rate limit threshold reached for IP 192.168.1.121.
2026-09-27 17:55:33 [INFO] [payment_gateway] Health check probe passed in 343ms.
2026-09-27 17:56:11 [INFO] [auth_service] User 648 logged in successfully.
2026-09-27 17:56:20 [DEBUG] [order_api] Payload verification completed for request #80678.
2026-09-27 17:56:43 [INFO] [notification_worker] Token refreshed for session 2680.
2026-09-27 17:56:58 [INFO] [notification_worker] Order #39746 placed. Total: $319.29.
2026-09-27 17:57:17 [INFO] [db_pool] Database connection acquired from pool.
2026-09-27 17:57:41 [INFO] [auth_service] Token refreshed for session 1428.
2026-09-27 17:57:50 [DEBUG] [user_service] Executing query: SELECT * FROM users WHERE id = 419;
2026-09-27 17:58:06 [INFO] [user_service] Health check probe passed in 2070ms.
2026-09-27 17:58:09 [ERROR] [db_pool] AuthenticationFailed: Invalid JWT signature for user 105.
2026-09-27 17:58:36 [INFO] [db_pool] Health check probe passed in 1247ms.
2026-09-27 17:59:05 [INFO] [payment_gateway] Notification dispatched to user 832.
2026-09-27 17:59:27 [INFO] [db_pool] Token refreshed for session 6660.
2026-09-27 17:59:31 [INFO] [user_service] Token refreshed for session 2556.
2026-09-27 18:00:01 [INFO] [db_pool] Notification dispatched to user 699.
2026-09-27 18:00:07 [CRITICAL] [auth_service] OutOfMemoryError: Container worker-2 killed by OOM killer.
2026-09-27 18:00:49 [INFO] [user_service] Token refreshed for session 3201.
2026-09-27 18:01:26 [DEBUG] [db_pool] Executing query: SELECT * FROM users WHERE id = 912;
2026-09-27 18:01:37 [DEBUG] [user_service] Cache hit for key 'session:5116'.
2026-09-27 18:02:10 [ERROR] [payment_gateway] PaymentGatewayTimeout: Stripe API call exceeded 5000ms threshold.
2026-09-27 18:02:15 [INFO] [order_api] User 478 logged in successfully.
2026-09-27 18:03:00 [DEBUG] [notification_worker] Executing query: SELECT * FROM users WHERE id = 336;
2026-09-27 18:03:12 [INFO] [db_pool] Health check probe passed in 690ms.
2026-09-27 18:03:13 [WARNING] [order_api] Rate limit threshold reached for IP 192.168.1.238.
2026-09-27 18:03:57 [WARNING] [db_pool] Slow query detected: 903ms execution time.
2026-09-27 18:04:38 [DEBUG] [payment_gateway] Cache hit for key 'session:4333'.
2026-09-27 18:05:06 [ERROR] [payment_gateway] KeyError: 'user_id' not found in incoming request payload.
2026-09-27 18:05:13 [INFO] [user_service] User 818 logged in successfully.
2026-09-27 18:05:53 [INFO] [user_service] Database connection acquired from pool.
2026-09-27 18:06:20 [DEBUG] [db_pool] Cache hit for key 'session:6562'.
2026-09-27 18:06:25 [INFO] [payment_gateway] Health check probe passed in 1767ms.
2026-09-27 18:06:52 [DEBUG] [notification_worker] Executing query: SELECT * FROM users WHERE id = 220;
2026-09-27 18:07:08 [INFO] [order_api] Notification dispatched to user 501.
2026-09-27 18:07:48 [DEBUG] [db_pool] Connection pool active connections: 35.
2026-09-27 18:08:08 [INFO] [user_service] User 237 logged in successfully.
2026-09-27 18:08:52 [INFO] [auth_service] Token refreshed for session 9102.
2026-09-27 18:09:16 [INFO] [user_service] Token refreshed for session 8473.
2026-09-27 18:09:58 [INFO] [db_pool] User 787 logged in successfully.
2026-09-27 18:10:39 [WARNING] [user_service] Deprecated API endpoint accessed: /v1/checkout.
2026-09-27 18:10:50 [INFO] [user_service] Notification dispatched to user 694.
2026-09-27 18:11:19 [INFO] [auth_service] Database connection acquired from pool.
2026-09-27 18:11:56 [WARNING] [auth_service] Slow query detected: 1987ms execution time.
2026-09-27 18:12:22 [INFO] [notification_worker] Order #17284 placed. Total: $370.87.
2026-09-27 18:13:04 [ERROR] [notification_worker] AuthenticationFailed: Invalid JWT signature for user 137.
2026-09-27 18:13:31 [INFO] [db_pool] Notification dispatched to user 382.
2026-09-27 18:14:01 [WARNING] [order_api] Slow query detected: 2281ms execution time.
2026-09-27 18:14:33 [INFO] [order_api] User 205 logged in successfully.
2026-09-27 18:14:51 [INFO] [notification_worker] Token refreshed for session 8380.
2026-09-27 18:15:05 [DEBUG] [notification_worker] Cache hit for key 'session:8076'.
2026-09-27 18:15:06 [INFO] [auth_service] Notification dispatched to user 912.
2026-09-27 18:15:33 [DEBUG] [payment_gateway] Connection pool active connections: 24.
2026-09-27 18:15:44 [INFO] [payment_gateway] Database connection acquired from pool.
2026-09-27 18:16:08 [ERROR] [db_pool] AuthenticationFailed: Invalid JWT signature for user 422.
2026-09-27 18:16:13 [INFO] [payment_gateway] Notification dispatched to user 559.
2026-09-27 18:16:14 [INFO] [auth_service] Token refreshed for session 6698.
2026-09-27 18:16:20 [INFO] [notification_worker] Token refreshed for session 7845.
2026-09-27 18:16:27 [INFO] [user_service] Notification dispatched to user 889.
2026-09-27 18:17:10 [INFO] [db_pool] Token refreshed for session 7977.
2026-09-27 18:17:20 [INFO] [db_pool] Database connection acquired from pool.
2026-09-27 18:17:58 [INFO] [order_api] Notification dispatched to user 511.
2026-09-27 18:18:29 [CRITICAL] [notification_worker] ServiceUnavailable: Downstream auth cluster unreachable.
2026-09-27 18:18:37 [DEBUG] [order_api] Executing query: SELECT * FROM users WHERE id = 368;
2026-09-27 18:19:01 [INFO] [auth_service] Notification dispatched to user 360.
2026-09-27 18:19:02 [DEBUG] [order_api] Executing query: SELECT * FROM users WHERE id = 482;
2026-09-27 18:19:25 [INFO] [notification_worker] Token refreshed for session 1759.
2026-09-27 18:19:41 [INFO] [db_pool] Token refreshed for session 8395.
2026-09-27 18:19:58 [INFO] [payment_gateway] Database connection acquired from pool.
2026-09-27 18:20:21 [INFO] [auth_service] Database connection acquired from pool.
2026-09-27 18:21:06 [INFO] [db_pool] Token refreshed for session 4257.
2026-09-27 18:21:34 [INFO] [auth_service] Health check probe passed in 347ms.
2026-09-27 18:21:56 [INFO] [payment_gateway] User 782 logged in successfully.
2026-09-27 18:22:34 [INFO] [db_pool] Token refreshed for session 7374.
2026-09-27 18:23:16 [CRITICAL] [notification_worker] OutOfMemoryError: Container worker-2 killed by OOM killer.
2026-09-27 18:23:59 [CRITICAL] [payment_gateway] ServiceUnavailable: Downstream auth cluster unreachable.
2026-09-27 18:24:41 [DEBUG] [db_pool] Connection pool active connections: 50.
2026-09-27 18:25:08 [INFO] [auth_service] Database connection acquired from pool.
2026-09-27 18:25:38 [INFO] [notification_worker] User 830 logged in successfully.
2026-09-27 18:26:13 [INFO] [order_api] Token refreshed for session 6267.
2026-09-27 18:26:26 [INFO] [user_service] User 832 logged in successfully.
2026-09-27 18:26:50 [DEBUG] [user_service] Payload verification completed for request #52634.
2026-09-27 18:27:02 [WARNING] [notification_worker] Rate limit threshold reached for IP 192.168.1.226.
2026-09-27 18:27:12 [CRITICAL] [notification_worker] ServiceUnavailable: Downstream auth cluster unreachable.
2026-09-27 18:27:14 [ERROR] [db_pool] IntegrityError: Duplicate key value violates unique constraint 'users_email_key'.
2026-09-27 18:27:46 [INFO] [user_service] Notification dispatched to user 634.
2026-09-27 18:27:47 [CRITICAL] [user_service] ServiceUnavailable: Downstream auth cluster unreachable.
2026-09-27 18:27:56 [INFO] [payment_gateway] Database connection acquired from pool.
2026-09-27 18:28:11 [INFO] [payment_gateway] Health check probe passed in 395ms.
2026-09-27 18:28:33 [INFO] [notification_worker] Notification dispatched to user 438.
2026-09-27 18:29:00 [INFO] [order_api] User 879 logged in successfully.
2026-09-27 18:29:19 [INFO] [order_api] Health check probe passed in 1708ms.
2026-09-27 18:29:49 [INFO] [auth_service] Notification dispatched to user 967.
2026-09-27 18:30:07 [ERROR] [order_api] IntegrityError: Duplicate key value violates unique constraint 'users_email_key'.
2026-09-27 18:30:20 [DEBUG] [notification_worker] Executing query: SELECT * FROM users WHERE id = 158;
2026-09-27 18:31:02 [INFO] [db_pool] Database connection acquired from pool.
2026-09-27 18:31:15 [INFO] [auth_service] Token refreshed for session 2031.
2026-09-27 18:31:49 [INFO] [auth_service] Order #15511 placed. Total: $135.89.
2026-09-27 18:31:57 [INFO] [auth_service] User 619 logged in successfully.
2026-09-27 18:32:15 [ERROR] [auth_service] IntegrityError: Duplicate key value violates unique constraint 'users_email_key'.
2026-09-27 18:32:51 [INFO] [payment_gateway] Notification dispatched to user 139.
2026-09-27 18:33:14 [WARNING] [user_service] Rate limit threshold reached for IP 192.168.1.3.
2026-09-27 18:33:34 [INFO] [user_service] Order #19859 placed. Total: $279.16.
2026-09-27 18:33:40 [WARNING] [payment_gateway] Slow query detected: 517ms execution time.
2026-09-27 18:34:08 [ERROR] [order_api] KeyError: 'user_id' not found in incoming request payload.
2026-09-27 18:34:15 [INFO] [notification_worker] Token refreshed for session 6857.
2026-09-27 18:34:38 [WARNING] [db_pool] Deprecated API endpoint accessed: /v1/checkout.
2026-09-27 18:35:03 [DEBUG] [db_pool] Payload verification completed for request #52912.
2026-09-27 18:35:12 [DEBUG] [order_api] Connection pool active connections: 31.
2026-09-27 18:35:42 [INFO] [user_service] Notification dispatched to user 225.
2026-09-27 18:36:12 [DEBUG] [user_service] Connection pool active connections: 48.
2026-09-27 18:36:51 [WARNING] [db_pool] Slow query detected: 143ms execution time.
2026-09-27 18:37:04 [DEBUG] [user_service] Executing query: SELECT * FROM users WHERE id = 784;
2026-09-27 18:37:34 [INFO] [user_service] Order #54878 placed. Total: $433.61.
2026-09-27 18:38:02 [INFO] [notification_worker] Notification dispatched to user 213.
2026-09-27 18:38:42 [CRITICAL] [db_pool] ServiceUnavailable: Downstream auth cluster unreachable.
2026-09-27 18:38:53 [INFO] [db_pool] Database connection acquired from pool.
2026-09-27 18:39:07 [INFO] [auth_service] Token refreshed for session 2748.
2026-09-27 18:39:48 [INFO] [user_service] Database connection acquired from pool.
2026-09-27 18:40:19 [CRITICAL] [db_pool] OutOfMemoryError: Container worker-2 killed by OOM killer.
2026-09-27 18:40:50 [INFO] [notification_worker] Notification dispatched to user 587.
2026-09-27 18:41:30 [DEBUG] [order_api] Connection pool active connections: 32.
2026-09-27 18:42:14 [ERROR] [payment_gateway] IntegrityError: Duplicate key value violates unique constraint 'users_email_key'.
2026-09-27 18:42:38 [INFO] [user_service] Order #18999 placed. Total: $416.59.
2026-09-27 18:43:03 [INFO] [payment_gateway] Database connection acquired from pool.
2026-09-27 18:43:44 [INFO] [db_pool] Database connection acquired from pool.
2026-09-27 18:44:28 [INFO] [payment_gateway] Notification dispatched to user 895.
2026-09-27 18:44:31 [INFO] [user_service] Notification dispatched to user 527.
2026-09-27 18:44:39 [ERROR] [notification_worker] PaymentGatewayTimeout: Stripe API call exceeded 5000ms threshold.
2026-09-27 18:45:16 [DEBUG] [payment_gateway] Payload verification completed for request #68784.
2026-09-27 18:46:01 [INFO] [user_service] Notification dispatched to user 733.
2026-09-27 18:46:22 [WARNING] [db_pool] Rate limit threshold reached for IP 192.168.1.163.
2026-09-27 18:47:04 [ERROR] [payment_gateway] PaymentGatewayTimeout: Stripe API call exceeded 5000ms threshold.
2026-09-27 18:47:07 [INFO] [user_service] Notification dispatched to user 102.
2026-09-27 18:47:08 [ERROR] [order_api] KeyError: 'user_id' not found in incoming request payload.
2026-09-27 18:47:22 [INFO] [order_api] Notification dispatched to user 448.
2026-09-27 18:47:43 [INFO] [db_pool] Token refreshed for session 7970.
2026-09-27 18:48:02 [INFO] [order_api] Order #13887 placed. Total: $400.33.
2026-09-27 18:48:39 [INFO] [notification_worker] Token refreshed for session 6464.
2026-09-27 18:48:50 [DEBUG] [notification_worker] Executing query: SELECT * FROM users WHERE id = 715;
2026-09-27 18:49:20 [WARNING] [payment_gateway] Slow query detected: 747ms execution time.
2026-09-27 18:49:31 [INFO] [db_pool] Health check probe passed in 2297ms.
2026-09-27 18:50:10 [INFO] [db_pool] Notification dispatched to user 812.
2026-09-27 18:50:44 [INFO] [user_service] Order #65461 placed. Total: $147.72.
2026-09-27 18:50:46 [INFO] [auth_service] Token refreshed for session 5439.
2026-09-27 18:51:24 [INFO] [payment_gateway] Health check probe passed in 127ms.
2026-09-27 18:51:57 [INFO] [auth_service] Health check probe passed in 1961ms.
2026-09-27 18:52:16 [INFO] [order_api] Notification dispatched to user 985.
2026-09-27 18:52:21 [ERROR] [payment_gateway] DatabaseConnectionError: Failed to connect to host db-replica-1:5432.
2026-09-27 18:52:32 [INFO] [order_api] Order #44461 placed. Total: $160.05.
2026-09-27 18:53:10 [ERROR] [user_service] KeyError: 'user_id' not found in incoming request payload.
2026-09-27 18:53:20 [INFO] [db_pool] Health check probe passed in 484ms.
2026-09-27 18:53:36 [DEBUG] [notification_worker] Executing query: SELECT * FROM users WHERE id = 402;
2026-09-27 18:54:13 [INFO] [notification_worker] Health check probe passed in 775ms.
2026-09-27 18:54:25 [INFO] [db_pool] Order #29416 placed. Total: $416.22.
2026-09-27 18:54:59 [ERROR] [db_pool] AuthenticationFailed: Invalid JWT signature for user 643.
2026-09-27 18:55:15 [WARNING] [auth_service] Deprecated API endpoint accessed: /v1/checkout.
2026-09-27 18:55:32 [INFO] [notification_worker] Order #73886 placed. Total: $449.36.
2026-09-27 18:55:47 [INFO] [payment_gateway] Notification dispatched to user 172.
2026-09-27 18:55:51 [INFO] [notification_worker] Database connection acquired from pool.
2026-09-27 18:56:15 [INFO] [db_pool] Order #58490 placed. Total: $143.82.
2026-09-27 18:56:21 [INFO] [db_pool] Order #40429 placed. Total: $420.47.
2026-09-27 18:56:41 [INFO] [order_api] Token refreshed for session 2566.
2026-09-27 18:57:03 [INFO] [user_service] User 780 logged in successfully.
2026-09-27 18:57:31 [INFO] [user_service] Token refreshed for session 7343.
2026-09-27 18:57:40 [INFO] [user_service] Notification dispatched to user 911.
2026-09-27 18:57:48 [WARNING] [notification_worker] Deprecated API endpoint accessed: /v1/checkout.
2026-09-27 18:58:01 [INFO] [order_api] Token refreshed for session 3125.
2026-09-27 18:58:10 [INFO] [order_api] Health check probe passed in 1873ms.
2026-09-27 18:58:32 [DEBUG] [user_service] Connection pool active connections: 12.
2026-09-27 18:59:11 [INFO] [notification_worker] Order #85528 placed. Total: $391.39.
2026-09-27 18:59:21 [DEBUG] [db_pool] Executing query: SELECT * FROM users WHERE id = 900;
2026-09-27 18:59:39 [DEBUG] [db_pool] Cache hit for key 'session:4846'.
2026-09-27 18:59:46 [INFO] [notification_worker] Database connection acquired from pool.
2026-09-27 19:00:16 [INFO] [user_service] User 109 logged in successfully.
2026-09-27 19:00:36 [INFO] [notification_worker] Database connection acquired from pool.
2026-09-27 19:00:58 [INFO] [order_api] User 289 logged in successfully.
2026-09-27 19:01:30 [INFO] [order_api] Notification dispatched to user 743.
2026-09-27 19:01:44 [INFO] [notification_worker] Notification dispatched to user 897.
2026-09-27 19:01:51 [INFO] [user_service] Notification dispatched to user 216.
2026-09-27 19:01:53 [INFO] [order_api] Token refreshed for session 9972.
2026-09-27 19:02:34 [INFO] [auth_service] Health check probe passed in 1163ms.
2026-09-27 19:02:45 [INFO] [db_pool] Notification dispatched to user 481.
2026-09-27 19:02:54 [WARNING] [payment_gateway] Slow query detected: 274ms execution time.
2026-09-27 19:03:26 [INFO] [order_api] Database connection acquired from pool.
2026-09-27 19:03:27 [INFO] [user_service] Notification dispatched to user 248.
2026-09-27 19:03:36 [INFO] [auth_service] Health check probe passed in 735ms.
2026-09-27 19:04:14 [INFO] [auth_service] Notification dispatched to user 139.
2026-09-27 19:04:53 [INFO] [payment_gateway] Notification dispatched to user 417.
2026-09-27 19:05:32 [ERROR] [user_service] KeyError: 'user_id' not found in incoming request payload.
2026-09-27 19:05:57 [DEBUG] [user_service] Payload verification completed for request #80634.
2026-09-27 19:06:39 [DEBUG] [user_service] Payload verification completed for request #92826.
2026-09-27 19:06:50 [WARNING] [order_api] Slow query detected: 1895ms execution time.
2026-09-27 19:06:56 [DEBUG] [db_pool] Executing query: SELECT * FROM users WHERE id = 139;
2026-09-27 19:07:02 [INFO] [db_pool] Health check probe passed in 1837ms.
2026-09-27 19:07:35 [ERROR] [payment_gateway] KeyError: 'user_id' not found in incoming request payload.
2026-09-27 19:08:10 [ERROR] [auth_service] FileNotFoundError: Template /app/templates/receipt.html not found.
2026-09-27 19:08:29 [DEBUG] [db_pool] Executing query: SELECT * FROM users WHERE id = 267;
2026-09-27 19:09:00 [INFO] [auth_service] Health check probe passed in 1757ms.
2026-09-27 19:09:17 [CRITICAL] [notification_worker] ServiceUnavailable: Downstream auth cluster unreachable.
2026-09-27 19:09:58 [INFO] [auth_service] Health check probe passed in 2083ms.
2026-09-27 19:10:14 [DEBUG] [payment_gateway] Payload verification completed for request #81339.
2026-09-27 19:10:20 [INFO] [order_api] Database connection acquired from pool.
2026-09-27 19:10:42 [DEBUG] [db_pool] Payload verification completed for request #86199.
2026-09-27 19:10:56 [DEBUG] [auth_service] Payload verification completed for request #83958.
2026-09-27 19:11:18 [INFO] [user_service] Token refreshed for session 2300.
2026-09-27 19:11:26 [INFO] [order_api] User 249 logged in successfully.
2026-09-27 19:11:41 [CRITICAL] [notification_worker] OutOfMemoryError: Container worker-2 killed by OOM killer.
2026-09-27 19:12:06 [CRITICAL] [user_service] ServiceUnavailable: Downstream auth cluster unreachable.
2026-09-27 19:12:13 [INFO] [auth_service] Notification dispatched to user 926.
2026-09-27 19:12:28 [INFO] [payment_gateway] Token refreshed for session 3552.
2026-09-27 19:12:55 [INFO] [order_api] Order #49081 placed. Total: $174.50.
2026-09-27 19:13:37 [CRITICAL] [payment_gateway] ServiceUnavailable: Downstream auth cluster unreachable.
2026-09-27 19:13:47 [INFO] [auth_service] Health check probe passed in 1344ms.
2026-09-27 19:14:05 [INFO] [auth_service] Order #97391 placed. Total: $47.65.
2026-09-27 19:14:37 [INFO] [auth_service] User 765 logged in successfully.
2026-09-27 19:15:04 [ERROR] [payment_gateway] FileNotFoundError: Template /app/templates/receipt.html not found.
2026-09-27 19:15:32 [ERROR] [user_service] FileNotFoundError: Template /app/templates/receipt.html not found.
2026-09-27 19:16:07 [INFO] [db_pool] User 418 logged in successfully.
2026-09-27 19:16:40 [INFO] [auth_service] Order #52974 placed. Total: $405.22.
2026-09-27 19:17:09 [INFO] [payment_gateway] Order #75567 placed. Total: $25.13.
2026-09-27 19:17:18 [WARNING] [user_service] Rate limit threshold reached for IP 192.168.1.101.
2026-09-27 19:17:30 [INFO] [db_pool] Health check probe passed in 2077ms.
2026-09-27 19:18:00 [INFO] [payment_gateway] User 492 logged in successfully.
2026-09-27 19:18:23 [INFO] [db_pool] User 756 logged in successfully.
2026-09-27 19:18:53 [DEBUG] [payment_gateway] Executing query: SELECT * FROM users WHERE id = 615;
2026-09-27 19:19:28 [INFO] [notification_worker] User 834 logged in successfully.
2026-09-27 19:20:02 [INFO] [db_pool] Notification dispatched to user 603.
2026-09-27 19:20:15 [ERROR] [order_api] DatabaseConnectionError: Failed to connect to host db-replica-1:5432.
2026-09-27 19:20:52 [WARNING] [notification_worker] Slow query detected: 468ms execution time.
2026-09-27 19:21:15 [DEBUG] [user_service] Cache hit for key 'session:8957'.
2026-09-27 19:21:29 [ERROR] [order_api] KeyError: 'user_id' not found in incoming request payload.
2026-09-27 19:22:10 [INFO] [auth_service] Database connection acquired from pool.
2026-09-27 19:22:45 [INFO] [db_pool] Notification dispatched to user 391.
2026-09-27 19:23:11 [INFO] [order_api] Database connection acquired from pool.
2026-09-27 19:23:30 [CRITICAL] [user_service] ServiceUnavailable: Downstream auth cluster unreachable.
2026-09-27 19:24:12 [WARNING] [notification_worker] Deprecated API endpoint accessed: /v1/checkout.
2026-09-27 19:24:21 [DEBUG] [order_api] Payload verification completed for request #97403.
2026-09-27 19:24:36 [DEBUG] [order_api] Cache hit for key 'session:5768'.
2026-09-27 19:24:46 [INFO] [user_service] Token refreshed for session 3693.
2026-09-27 19:25:27 [WARNING] [payment_gateway] Slow query detected: 126ms execution time.
2026-09-27 19:25:46 [INFO] [order_api] User 517 logged in successfully.
2026-09-27 19:26:27 [INFO] [payment_gateway] User 403 logged in successfully.
2026-09-27 19:26:48 [INFO] [order_api] Database connection acquired from pool.
2026-09-27 19:27:16 [WARNING] [auth_service] Slow query detected: 1283ms execution time.
2026-09-27 19:27:57 [ERROR] [order_api] IntegrityError: Duplicate key value violates unique constraint 'users_email_key'.
2026-09-27 19:28:16 [INFO] [db_pool] Database connection acquired from pool.
2026-09-27 19:28:24 [INFO] [notification_worker] Token refreshed for session 6307.
2026-09-27 19:28:28 [INFO] [user_service] Token refreshed for session 8280.
2026-09-27 19:28:31 [INFO] [db_pool] User 448 logged in successfully.
2026-09-27 19:29:14 [WARNING] [notification_worker] High memory consumption detected: 82% used.
2026-09-27 19:29:36 [DEBUG] [user_service] Connection pool active connections: 8.
2026-09-27 19:30:19 [INFO] [db_pool] Database connection acquired from pool.
2026-09-27 19:30:32 [INFO] [user_service] Notification dispatched to user 689.
2026-09-27 19:31:08 [INFO] [auth_service] Database connection acquired from pool.
2026-09-27 19:31:40 [ERROR] [db_pool] DatabaseConnectionError: Failed to connect to host db-replica-1:5432.
2026-09-27 19:32:20 [WARNING] [db_pool] Slow query detected: 2373ms execution time.
2026-09-27 19:32:46 [INFO] [order_api] Notification dispatched to user 170.
2026-09-27 19:32:59 [INFO] [order_api] Token refreshed for session 9650.
2026-09-27 19:33:31 [CRITICAL] [payment_gateway] ServiceUnavailable: Downstream auth cluster unreachable.
2026-09-27 19:33:46 [INFO] [user_service] User 194 logged in successfully.
2026-09-27 19:34:15 [INFO] [payment_gateway] Token refreshed for session 8210.
2026-09-27 19:34:16 [INFO] [notification_worker] Health check probe passed in 2166ms.
2026-09-27 19:34:39 [INFO] [notification_worker] Database connection acquired from pool.
2026-09-27 19:34:44 [DEBUG] [notification_worker] Connection pool active connections: 16.
2026-09-27 19:35:15 [INFO] [notification_worker] Database connection acquired from pool.
2026-09-27 19:35:37 [INFO] [auth_service] Token refreshed for session 8002.
2026-09-27 19:35:40 [ERROR] [order_api] AuthenticationFailed: Invalid JWT signature for user 351.
2026-09-27 19:36:24 [DEBUG] [auth_service] Connection pool active connections: 47.
2026-09-27 19:36:54 [INFO] [notification_worker] Order #51223 placed. Total: $71.30.
2026-09-27 19:36:55 [INFO] [payment_gateway] User 908 logged in successfully.
2026-09-27 19:37:30 [INFO] [payment_gateway] Database connection acquired from pool.
2026-09-27 19:37:56 [INFO] [payment_gateway] Database connection acquired from pool.
2026-09-27 19:38:11 [INFO] [auth_service] Order #76322 placed. Total: $64.86.
2026-09-27 19:38:36 [CRITICAL] [db_pool] OutOfMemoryError: Container worker-2 killed by OOM killer.
2026-09-27 19:38:47 [INFO] [user_service] User 708 logged in successfully.
2026-09-27 19:38:53 [DEBUG] [payment_gateway] Payload verification completed for request #90302.
2026-09-27 19:39:20 [INFO] [user_service] Token refreshed for session 1513.
2026-09-27 19:39:43 [DEBUG] [auth_service] Executing query: SELECT * FROM users WHERE id = 896;
2026-09-27 19:40:16 [WARNING] [order_api] Deprecated API endpoint accessed: /v1/checkout.
2026-09-27 19:40:49 [CRITICAL] [auth_service] ServiceUnavailable: Downstream auth cluster unreachable.
2026-09-27 19:41:30 [INFO] [user_service] User 647 logged in successfully.
2026-09-27 19:42:13 [INFO] [order_api] Order #10271 placed. Total: $354.72.
2026-09-27 19:42:48 [WARNING] [user_service] Slow query detected: 353ms execution time.
2026-09-27 19:42:58 [INFO] [payment_gateway] Health check probe passed in 224ms.
2026-09-27 19:43:18 [INFO] [order_api] Notification dispatched to user 172.
2026-09-27 19:44:02 [ERROR] [order_api] IntegrityError: Duplicate key value violates unique constraint 'users_email_key'.
2026-09-27 19:44:23 [WARNING] [db_pool] High memory consumption detected: 98% used.
2026-09-27 19:44:44 [INFO] [db_pool] Token refreshed for session 2021.
2026-09-27 19:45:25 [ERROR] [order_api] IntegrityError: Duplicate key value violates unique constraint 'users_email_key'.
2026-09-27 19:45:28 [INFO] [db_pool] Token refreshed for session 3760.
2026-09-27 19:46:08 [CRITICAL] [notification_worker] OutOfMemoryError: Container worker-2 killed by OOM killer.
2026-09-27 19:46:30 [INFO] [db_pool] Notification dispatched to user 164.
2026-09-27 19:46:37 [INFO] [auth_service] Health check probe passed in 2150ms.
2026-09-27 19:47:21 [DEBUG] [order_api] Payload verification completed for request #80983.
2026-09-27 19:47:23 [INFO] [payment_gateway] Health check probe passed in 1189ms.
2026-09-27 19:48:08 [CRITICAL] [payment_gateway] OutOfMemoryError: Container worker-2 killed by OOM killer.
2026-09-27 19:48:29 [WARNING] [user_service] Rate limit threshold reached for IP 192.168.1.91.
2026-09-27 19:49:01 [WARNING] [auth_service] Deprecated API endpoint accessed: /v1/checkout.
2026-09-27 19:49:41 [INFO] [order_api] User 744 logged in successfully.
2026-09-27 19:50:13 [INFO] [order_api] User 622 logged in successfully.
2026-09-27 19:50:14 [INFO] [auth_service] Database connection acquired from pool.
2026-09-27 19:50:43 [INFO] [payment_gateway] Health check probe passed in 1912ms.
2026-09-27 19:51:12 [DEBUG] [payment_gateway] Connection pool active connections: 14.
2026-09-27 19:51:33 [INFO] [order_api] Token refreshed for session 7192.
2026-09-27 19:51:37 [ERROR] [user_service] AuthenticationFailed: Invalid JWT signature for user 273.
2026-09-27 19:52:07 [INFO] [auth_service] Token refreshed for session 1669.
2026-09-27 19:52:44 [INFO] [notification_worker] Token refreshed for session 8286.
2026-09-27 19:52:50 [INFO] [user_service] Health check probe passed in 582ms.
2026-09-27 19:53:16 [INFO] [auth_service] Notification dispatched to user 271.
2026-09-27 19:53:28 [DEBUG] [auth_service] Cache hit for key 'session:2003'.
2026-09-27 19:54:13 [DEBUG] [notification_worker] Executing query: SELECT * FROM users WHERE id = 817;
2026-09-27 19:54:15 [ERROR] [auth_service] FileNotFoundError: Template /app/templates/receipt.html not found.
2026-09-27 19:54:42 [INFO] [payment_gateway] Order #66994 placed. Total: $434.31.
2026-09-27 19:54:46 [INFO] [order_api] Database connection acquired from pool.
2026-09-27 19:55:20 [INFO] [notification_worker] Database connection acquired from pool.
2026-09-27 19:56:01 [WARNING] [payment_gateway] Slow query detected: 1814ms execution time.
2026-09-27 19:56:02 [INFO] [notification_worker] Notification dispatched to user 590.
2026-09-27 19:56:39 [INFO] [db_pool] User 703 logged in successfully.
2026-09-27 19:57:21 [DEBUG] [notification_worker] Executing query: SELECT * FROM users WHERE id = 766;
2026-09-27 19:57:25 [INFO] [order_api] Database connection acquired from pool.
2026-09-27 19:57:50 [DEBUG] [notification_worker] Payload verification completed for request #57405.
2026-09-27 19:58:13 [DEBUG] [auth_service] Executing query: SELECT * FROM users WHERE id = 428;
2026-09-27 19:58:16 [INFO] [payment_gateway] Order #54945 placed. Total: $477.16.
2026-09-27 19:58:35 [INFO] [payment_gateway] User 360 logged in successfully.
2026-09-27 19:59:18 [INFO] [user_service] Notification dispatched to user 252.
2026-09-27 19:59:23 [INFO] [payment_gateway] Notification dispatched to user 626.
2026-09-27 19:59:26 [INFO] [user_service] Health check probe passed in 2340ms.
2026-09-27 20:00:07 [ERROR] [db_pool] IntegrityError: Duplicate key value violates unique constraint 'users_email_key'.
2026-09-27 20:00:13 [WARNING] [user_service] High memory consumption detected: 98% used.
2026-09-27 20:00:17 [CRITICAL] [notification_worker] OutOfMemoryError: Container worker-2 killed by OOM killer.
2026-09-27 20:00:36 [ERROR] [db_pool] IntegrityError: Duplicate key value violates unique constraint 'users_email_key'.
2026-09-27 20:01:02 [DEBUG] [db_pool] Connection pool active connections: 10.
2026-09-27 20:01:09 [INFO] [payment_gateway] Order #42152 placed. Total: $359.16.
2026-09-27 20:01:45 [DEBUG] [user_service] Executing query: SELECT * FROM users WHERE id = 626;
2026-09-27 20:01:53 [INFO] [order_api] Health check probe passed in 1090ms.
2026-09-27 20:02:34 [WARNING] [db_pool] Deprecated API endpoint accessed: /v1/checkout.
2026-09-27 20:02:38 [INFO] [payment_gateway] Database connection acquired from pool.
2026-09-27 20:03:02 [WARNING] [notification_worker] High memory consumption detected: 93% used.
2026-09-27 20:03:29 [INFO] [db_pool] User 516 logged in successfully.
2026-09-27 20:04:12 [INFO] [payment_gateway] User 343 logged in successfully.
2026-09-27 20:04:48 [INFO] [db_pool] Notification dispatched to user 581.
2026-09-27 20:05:30 [INFO] [user_service] Token refreshed for session 9041.
2026-09-27 20:06:10 [INFO] [auth_service] Order #34920 placed. Total: $409.17.
2026-09-27 20:06:42 [INFO] [notification_worker] Notification dispatched to user 402.
2026-09-27 20:06:47 [INFO] [db_pool] Token refreshed for session 8011.
2026-09-27 20:07:03 [ERROR] [notification_worker] DatabaseConnectionError: Failed to connect to host db-replica-1:5432.
2026-09-27 20:07:48 [WARNING] [auth_service] High memory consumption detected: 93% used.
2026-09-27 20:07:51 [INFO] [auth_service] Health check probe passed in 1113ms.
2026-09-27 20:07:57 [INFO] [order_api] Token refreshed for session 6260.
2026-09-27 20:08:26 [ERROR] [auth_service] PaymentGatewayTimeout: Stripe API call exceeded 5000ms threshold.
2026-09-27 20:08:38 [CRITICAL] [auth_service] OutOfMemoryError: Container worker-2 killed by OOM killer.
2026-09-27 20:09:04 [INFO] [user_service] Health check probe passed in 155ms.
2026-09-27 20:09:19 [DEBUG] [payment_gateway] Payload verification completed for request #81713.
2026-09-27 20:09:24 [INFO] [auth_service] Notification dispatched to user 804.
2026-09-27 20:09:48 [DEBUG] [auth_service] Executing query: SELECT * FROM users WHERE id = 853;
2026-09-27 20:10:10 [INFO] [notification_worker] Health check probe passed in 1372ms.
2026-09-27 20:10:11 [DEBUG] [payment_gateway] Payload verification completed for request #54371.
2026-09-27 20:10:15 [INFO] [user_service] Token refreshed for session 5385.
2026-09-27 20:10:20 [INFO] [auth_service] User 554 logged in successfully.
2026-09-27 20:11:05 [ERROR] [db_pool] IntegrityError: Duplicate key value violates unique constraint 'users_email_key'.
2026-09-27 20:11:17 [INFO] [notification_worker] Token refreshed for session 2850.
2026-09-27 20:11:22 [DEBUG] [notification_worker] Executing query: SELECT * FROM users WHERE id = 529;
2026-09-27 20:12:05 [INFO] [order_api] Health check probe passed in 524ms.
2026-09-27 20:12:43 [INFO] [notification_worker] Health check probe passed in 776ms.
2026-09-27 20:13:21 [ERROR] [auth_service] AuthenticationFailed: Invalid JWT signature for user 407.
2026-09-27 20:14:00 [DEBUG] [order_api] Connection pool active connections: 23.
2026-09-27 20:14:37 [INFO] [user_service] Token refreshed for session 5187.
2026-09-27 20:14:56 [INFO] [user_service] Token refreshed for session 1465.
2026-09-27 20:15:26 [INFO] [payment_gateway] User 163 logged in successfully.
2026-09-27 20:15:41 [DEBUG] [auth_service] Cache hit for key 'session:1340'.
2026-09-27 20:16:21 [INFO] [notification_worker] Database connection acquired from pool.
2026-09-27 20:16:37 [INFO] [db_pool] User 737 logged in successfully.
2026-09-27 20:17:09 [INFO] [payment_gateway] User 894 logged in successfully.
2026-09-27 20:17:10 [DEBUG] [auth_service] Cache hit for key 'session:6321'.
2026-09-27 20:17:14 [DEBUG] [order_api] Executing query: SELECT * FROM users WHERE id = 101;
2026-09-27 20:17:47 [DEBUG] [db_pool] Payload verification completed for request #60836.
2026-09-27 20:18:20 [INFO] [notification_worker] Order #88770 placed. Total: $31.52.
2026-09-27 20:18:40 [INFO] [user_service] Notification dispatched to user 147.
2026-09-27 20:19:03 [DEBUG] [user_service] Cache hit for key 'session:2240'.
2026-09-27 20:19:16 [WARNING] [auth_service] Rate limit threshold reached for IP 192.168.1.239.
2026-09-27 20:19:59 [WARNING] [auth_service] High memory consumption detected: 88% used.
2026-09-27 20:20:20 [DEBUG] [payment_gateway] Executing query: SELECT * FROM users WHERE id = 441;
2026-09-27 20:20:22 [INFO] [payment_gateway] Token refreshed for session 2095.
2026-09-27 20:20:59 [WARNING] [db_pool] Slow query detected: 984ms execution time.
2026-09-27 20:21:08 [DEBUG] [db_pool] Executing query: SELECT * FROM users WHERE id = 449;
2026-09-27 20:21:40 [INFO] [notification_worker] Database connection acquired from pool.
2026-09-27 20:21:53 [WARNING] [user_service] High memory consumption detected: 83% used.
2026-09-27 20:22:27 [ERROR] [user_service] IntegrityError: Duplicate key value violates unique constraint 'users_email_key'.
2026-09-27 20:22:38 [DEBUG] [notification_worker] Executing query: SELECT * FROM users WHERE id = 551;
2026-09-27 20:22:46 [DEBUG] [payment_gateway] Payload verification completed for request #73602.
2026-09-27 20:22:53 [INFO] [order_api] Token refreshed for session 2858.
2026-09-27 20:23:08 [DEBUG] [auth_service] Executing query: SELECT * FROM users WHERE id = 928;
2026-09-27 20:23:40 [CRITICAL] [notification_worker] ServiceUnavailable: Downstream auth cluster unreachable.
2026-09-27 20:23:53 [INFO] [payment_gateway] Order #99819 placed. Total: $30.00.
2026-09-27 20:24:25 [INFO] [notification_worker] Health check probe passed in 795ms.
2026-09-27 20:24:56 [ERROR] [user_service] AuthenticationFailed: Invalid JWT signature for user 458.
2026-09-27 20:24:59 [INFO] [db_pool] Health check probe passed in 1427ms.
2026-09-27 20:25:18 [WARNING] [user_service] High memory consumption detected: 82% used.
2026-09-27 20:26:03 [INFO] [user_service] Token refreshed for session 1846.
2026-09-27 20:26:06 [INFO] [db_pool] Order #30185 placed. Total: $292.27.
2026-09-27 20:26:30 [INFO] [payment_gateway] Order #25349 placed. Total: $171.79.
2026-09-27 20:27:13 [DEBUG] [auth_service] Cache hit for key 'session:9599'.
2026-09-27 20:27:38 [ERROR] [db_pool] KeyError: 'user_id' not found in incoming request payload.
2026-09-27 20:27:42 [WARNING] [payment_gateway] Deprecated API endpoint accessed: /v1/checkout.
2026-09-27 20:28:07 [WARNING] [notification_worker] High memory consumption detected: 82% used.
2026-09-27 20:28:30 [ERROR] [payment_gateway] AuthenticationFailed: Invalid JWT signature for user 543.
2026-09-27 20:28:37 [CRITICAL] [user_service] ServiceUnavailable: Downstream auth cluster unreachable.
2026-09-27 20:28:53 [INFO] [auth_service] Notification dispatched to user 937.
2026-09-27 20:29:18 [INFO] [auth_service] Notification dispatched to user 481.
2026-09-27 20:29:51 [INFO] [notification_worker] Database connection acquired from pool.
2026-09-27 20:30:20 [DEBUG] [order_api] Cache hit for key 'session:2666'.
2026-09-27 20:30:46 [INFO] [auth_service] Notification dispatched to user 835.
2026-09-27 20:31:12 [DEBUG] [order_api] Cache hit for key 'session:2616'.
2026-09-27 20:31:33 [DEBUG] [payment_gateway] Payload verification completed for request #59334.
2026-09-27 20:31:46 [INFO] [order_api] Token refreshed for session 2623.
2026-09-27 20:32:01 [INFO] [order_api] Order #27144 placed. Total: $368.02.
2026-09-27 20:32:11 [INFO] [notification_worker] Order #81447 placed. Total: $253.66.
2026-09-27 20:32:16 [INFO] [order_api] Database connection acquired from pool.
2026-09-27 20:32:40 [INFO] [user_service] User 995 logged in successfully.
2026-09-27 20:32:41 [ERROR] [auth_service] AuthenticationFailed: Invalid JWT signature for user 806.
2026-09-27 20:32:59 [INFO] [user_service] Database connection acquired from pool.
2026-09-27 20:33:20 [INFO] [order_api] Health check probe passed in 1280ms.
2026-09-27 20:34:03 [ERROR] [payment_gateway] DatabaseConnectionError: Failed to connect to host db-replica-1:5432.
2026-09-27 20:34:12 [ERROR] [notification_worker] DatabaseConnectionError: Failed to connect to host db-replica-1:5432.
2026-09-27 20:34:49 [INFO] [user_service] Notification dispatched to user 289.
2026-09-27 20:35:30 [INFO] [order_api] Notification dispatched to user 899.
2026-09-27 20:35:59 [DEBUG] [notification_worker] Cache hit for key 'session:4900'.
2026-09-27 20:36:19 [ERROR] [payment_gateway] IntegrityError: Duplicate key value violates unique constraint 'users_email_key'.
2026-09-27 20:36:45 [ERROR] [auth_service] IntegrityError: Duplicate key value violates unique constraint 'users_email_key'.
2026-09-27 20:37:04 [INFO] [payment_gateway] Order #48012 placed. Total: $153.31.
2026-09-27 20:37:46 [INFO] [order_api] Notification dispatched to user 569.
2026-09-27 20:38:09 [WARNING] [order_api] Deprecated API endpoint accessed: /v1/checkout.
2026-09-27 20:38:45 [INFO] [db_pool] Order #88366 placed. Total: $104.27.
2026-09-27 20:38:53 [INFO] [db_pool] Token refreshed for session 5831.
2026-09-27 20:39:26 [INFO] [db_pool] Database connection acquired from pool.
2026-09-27 20:39:42 [INFO] [notification_worker] Notification dispatched to user 970.
2026-09-27 20:39:51 [WARNING] [payment_gateway] High memory consumption detected: 92% used.
2026-09-27 20:40:20 [INFO] [payment_gateway] User 755 logged in successfully.
2026-09-27 20:40:42 [WARNING] [order_api] Rate limit threshold reached for IP 192.168.1.150.
2026-09-27 20:40:56 [DEBUG] [order_api] Cache hit for key 'session:7497'.
2026-09-27 20:41:17 [WARNING] [user_service] Deprecated API endpoint accessed: /v1/checkout.
2026-09-27 20:41:38 [INFO] [payment_gateway] User 922 logged in successfully.
2026-09-27 20:42:01 [INFO] [auth_service] Notification dispatched to user 236.
2026-09-27 20:42:28 [INFO] [payment_gateway] User 678 logged in successfully.
2026-09-27 20:42:43 [WARNING] [db_pool] Slow query detected: 2277ms execution time.
2026-09-27 20:43:17 [INFO] [payment_gateway] Order #86750 placed. Total: $242.71.
2026-09-27 20:44:02 [INFO] [notification_worker] User 808 logged in successfully.
2026-09-27 20:44:06 [INFO] [user_service] Notification dispatched to user 232.
2026-09-27 20:44:51 [INFO] [db_pool] Database connection acquired from pool.
2026-09-27 20:45:26 [WARNING] [db_pool] Slow query detected: 1187ms execution time.
2026-09-27 20:45:55 [WARNING] [order_api] Rate limit threshold reached for IP 192.168.1.196.
2026-09-27 20:46:27 [INFO] [auth_service] Health check probe passed in 401ms.
2026-09-27 20:46:43 [INFO] [payment_gateway] User 255 logged in successfully.
2026-09-27 20:47:17 [INFO] [user_service] Notification dispatched to user 497.
2026-09-27 20:47:42 [INFO] [order_api] Database connection acquired from pool.
2026-09-27 20:47:43 [INFO] [db_pool] User 412 logged in successfully.
2026-09-27 20:48:08 [INFO] [user_service] Token refreshed for session 2688.
2026-09-27 20:48:30 [INFO] [user_service] Database connection acquired from pool.
2026-09-27 20:48:48 [INFO] [notification_worker] Health check probe passed in 2290ms.
2026-09-27 20:49:01 [INFO] [user_service] Notification dispatched to user 919.
2026-09-27 20:49:25 [INFO] [notification_worker] Token refreshed for session 9829.
2026-09-27 20:49:43 [INFO] [order_api] Database connection acquired from pool.
2026-09-27 20:50:25 [DEBUG] [order_api] Payload verification completed for request #78126.
2026-09-27 20:50:53 [WARNING] [payment_gateway] Slow query detected: 1325ms execution time.
2026-09-27 20:51:00 [INFO] [notification_worker] User 231 logged in successfully.
2026-09-27 20:51:33 [ERROR] [auth_service] PaymentGatewayTimeout: Stripe API call exceeded 5000ms threshold.
2026-09-27 20:51:53 [INFO] [user_service] Database connection acquired from pool.
2026-09-27 20:52:11 [ERROR] [order_api] IntegrityError: Duplicate key value violates unique constraint 'users_email_key'.
2026-09-27 20:52:42 [CRITICAL] [notification_worker] OutOfMemoryError: Container worker-2 killed by OOM killer.
2026-09-27 20:52:45 [WARNING] [user_service] Rate limit threshold reached for IP 192.168.1.245.
2026-09-27 20:52:57 [WARNING] [payment_gateway] Slow query detected: 1958ms execution time.
2026-09-27 20:53:14 [INFO] [payment_gateway] Database connection acquired from pool.
2026-09-27 20:53:57 [INFO] [db_pool] Database connection acquired from pool.
2026-09-27 20:54:36 [INFO] [auth_service] Health check probe passed in 1340ms.
2026-09-27 20:54:43 [INFO] [order_api] User 444 logged in successfully.
2026-09-27 20:55:06 [WARNING] [notification_worker] Slow query detected: 1898ms execution time.
2026-09-27 20:55:50 [INFO] [payment_gateway] Order #62418 placed. Total: $428.05.
2026-09-27 20:56:25 [INFO] [auth_service] Notification dispatched to user 434.
2026-09-27 20:56:41 [INFO] [order_api] Order #60803 placed. Total: $441.93.
2026-09-27 20:57:09 [INFO] [order_api] Token refreshed for session 3511.
2026-09-27 20:57:39 [INFO] [order_api] Order #24516 placed. Total: $407.19.
2026-09-27 20:57:46 [INFO] [auth_service] User 476 logged in successfully.
2026-09-27 20:58:01 [ERROR] [user_service] PaymentGatewayTimeout: Stripe API call exceeded 5000ms threshold.
2026-09-27 20:58:44 [DEBUG] [order_api] Executing query: SELECT * FROM users WHERE id = 927;
2026-09-27 20:58:58 [INFO] [user_service] User 407 logged in successfully.
2026-09-27 20:59:12 [ERROR] [db_pool] IntegrityError: Duplicate key value violates unique constraint 'users_email_key'.
2026-09-27 20:59:19 [INFO] [order_api] Order #65677 placed. Total: $486.81.
2026-09-27 20:59:56 [INFO] [payment_gateway] Health check probe passed in 1947ms.
2026-09-27 21:00:37 [INFO] [user_service] Token refreshed for session 4806.
2026-09-27 21:00:47 [INFO] [auth_service] User 950 logged in successfully.
2026-09-27 21:01:21 [INFO] [user_service] User 377 logged in successfully.
2026-09-27 21:01:58 [INFO] [payment_gateway] User 434 logged in successfully.
2026-09-27 21:02:35 [INFO] [auth_service] Token refreshed for session 5217.
2026-09-27 21:03:08 [DEBUG] [auth_service] Connection pool active connections: 41.
2026-09-27 21:03:42 [DEBUG] [notification_worker] Payload verification completed for request #70659.
2026-09-27 21:04:18 [INFO] [order_api] Database connection acquired from pool.
2026-09-27 21:04:34 [DEBUG] [order_api] Payload verification completed for request #62594.
2026-09-27 21:05:17 [WARNING] [payment_gateway] Rate limit threshold reached for IP 192.168.1.50.
2026-09-27 21:05:37 [WARNING] [auth_service] Rate limit threshold reached for IP 192.168.1.254.
2026-09-27 21:05:52 [INFO] [db_pool] Token refreshed for session 5743.
2026-09-27 21:06:31 [WARNING] [order_api] Deprecated API endpoint accessed: /v1/checkout.
2026-09-27 21:07:07 [INFO] [db_pool] Order #55090 placed. Total: $160.20.
2026-09-27 21:07:12 [INFO] [auth_service] Health check probe passed in 1028ms.
2026-09-27 21:07:15 [ERROR] [notification_worker] FileNotFoundError: Template /app/templates/receipt.html not found.
2026-09-27 21:07:31 [INFO] [notification_worker] Token refreshed for session 2786.
2026-09-27 21:08:13 [INFO] [auth_service] Database connection acquired from pool.
2026-09-27 21:08:26 [WARNING] [db_pool] Deprecated API endpoint accessed: /v1/checkout.
2026-09-27 21:08:57 [DEBUG] [user_service] Executing query: SELECT * FROM users WHERE id = 505;
2026-09-27 21:09:19 [INFO] [notification_worker] Notification dispatched to user 697.
2026-09-27 21:09:41 [INFO] [notification_worker] Order #67213 placed. Total: $209.31.
2026-09-27 21:09:59 [INFO] [user_service] Token refreshed for session 9640.
2026-09-27 21:10:15 [ERROR] [order_api] IntegrityError: Duplicate key value violates unique constraint 'users_email_key'.
2026-09-27 21:10:17 [INFO] [order_api] Order #67840 placed. Total: $346.38.
2026-09-27 21:10:45 [INFO] [auth_service] Token refreshed for session 4571.
2026-09-27 21:11:19 [INFO] [payment_gateway] Database connection acquired from pool.
2026-09-27 21:11:37 [INFO] [user_service] Token refreshed for session 6087.
2026-09-27 21:11:45 [INFO] [order_api] User 955 logged in successfully.
2026-09-27 21:12:16 [DEBUG] [user_service] Executing query: SELECT * FROM users WHERE id = 684;
2026-09-27 21:12:32 [INFO] [user_service] User 777 logged in successfully.
2026-09-27 21:13:05 [INFO] [payment_gateway] Health check probe passed in 2019ms.
2026-09-27 21:13:49 [WARNING] [payment_gateway] Slow query detected: 1755ms execution time.
2026-09-27 21:13:54 [CRITICAL] [user_service] DeadlockDetected: Transaction aborted on table 'orders'.
2026-09-27 21:14:15 [INFO] [payment_gateway] Database connection acquired from pool.
2026-09-27 21:14:33 [INFO] [payment_gateway] Notification dispatched to user 780.
2026-09-27 21:14:34 [ERROR] [user_service] AuthenticationFailed: Invalid JWT signature for user 926.
2026-09-27 21:14:58 [INFO] [user_service] User 731 logged in successfully.
2026-09-27 21:15:35 [DEBUG] [payment_gateway] Cache hit for key 'session:5336'.
2026-09-27 21:16:03 [WARNING] [user_service] High memory consumption detected: 83% used.
2026-09-27 21:16:23 [DEBUG] [payment_gateway] Executing query: SELECT * FROM users WHERE id = 521;
2026-09-27 21:16:37 [DEBUG] [order_api] Payload verification completed for request #87042.
2026-09-27 21:17:00 [CRITICAL] [payment_gateway] ServiceUnavailable: Downstream auth cluster unreachable.
2026-09-27 21:17:15 [INFO] [db_pool] Database connection acquired from pool.
2026-09-27 21:17:42 [INFO] [auth_service] Order #38172 placed. Total: $116.57.
2026-09-27 21:17:59 [INFO] [db_pool] Notification dispatched to user 533.
2026-09-27 21:18:13 [DEBUG] [auth_service] Connection pool active connections: 40.
2026-09-27 21:18:34 [INFO] [payment_gateway] Database connection acquired from pool.
2026-09-27 21:18:53 [WARNING] [user_service] High memory consumption detected: 87% used.
2026-09-27 21:19:10 [INFO] [payment_gateway] User 399 logged in successfully.
2026-09-27 21:19:32 [INFO] [notification_worker] Token refreshed for session 9108.
2026-09-27 21:20:05 [INFO] [payment_gateway] Health check probe passed in 915ms.
2026-09-27 21:20:06 [WARNING] [db_pool] Deprecated API endpoint accessed: /v1/checkout.
2026-09-27 21:20:21 [INFO] [notification_worker] Health check probe passed in 1000ms.
2026-09-27 21:20:58 [INFO] [order_api] Health check probe passed in 700ms.
2026-09-27 21:21:09 [INFO] [auth_service] User 547 logged in successfully.
2026-09-27 21:21:41 [WARNING] [notification_worker] Rate limit threshold reached for IP 192.168.1.119.
2026-09-27 21:22:23 [INFO] [order_api] Database connection acquired from pool.
2026-09-27 21:22:45 [INFO] [user_service] Health check probe passed in 2034ms.
2026-09-27 21:22:48 [DEBUG] [auth_service] Payload verification completed for request #96062.
2026-09-27 21:23:09 [INFO] [payment_gateway] Order #12072 placed. Total: $286.16.
2026-09-27 21:23:14 [INFO] [user_service] Health check probe passed in 1057ms.
2026-09-27 21:23:37 [INFO] [notification_worker] Database connection acquired from pool.
2026-09-27 21:23:54 [ERROR] [order_api] PaymentGatewayTimeout: Stripe API call exceeded 5000ms threshold.
2026-09-27 21:24:12 [DEBUG] [notification_worker] Executing query: SELECT * FROM users WHERE id = 705;
2026-09-27 21:24:16 [DEBUG] [notification_worker] Executing query: SELECT * FROM users WHERE id = 975;
2026-09-27 21:24:30 [DEBUG] [user_service] Connection pool active connections: 47.
2026-09-27 21:24:56 [INFO] [notification_worker] Notification dispatched to user 858.
2026-09-27 21:25:30 [INFO] [db_pool] Notification dispatched to user 386.
2026-09-27 21:25:41 [INFO] [auth_service] User 364 logged in successfully.
2026-09-27 21:26:09 [INFO] [order_api] Order #10519 placed. Total: $49.97.
2026-09-27 21:26:45 [ERROR] [notification_worker] DatabaseConnectionError: Failed to connect to host db-replica-1:5432.
2026-09-27 21:27:23 [INFO] [payment_gateway] Token refreshed for session 2066.
2026-09-27 21:27:35 [INFO] [order_api] Database connection acquired from pool.
2026-09-27 21:27:57 [WARNING] [db_pool] Deprecated API endpoint accessed: /v1/checkout.
2026-09-27 21:28:06 [DEBUG] [user_service] Connection pool active connections: 11.
2026-09-27 21:28:42 [ERROR] [notification_worker] IntegrityError: Duplicate key value violates unique constraint 'users_email_key'.
2026-09-27 21:28:50 [DEBUG] [auth_service] Payload verification completed for request #72819.
2026-09-27 21:29:10 [INFO] [order_api] Order #27640 placed. Total: $154.20.
2026-09-27 21:29:41 [ERROR] [payment_gateway] PaymentGatewayTimeout: Stripe API call exceeded 5000ms threshold.
2026-09-27 21:29:49 [INFO] [db_pool] Database connection acquired from pool.
2026-09-27 21:30:04 [ERROR] [order_api] KeyError: 'user_id' not found in incoming request payload.
2026-09-27 21:30:13 [WARNING] [auth_service] High memory consumption detected: 83% used.
2026-09-27 21:30:21 [ERROR] [auth_service] PaymentGatewayTimeout: Stripe API call exceeded 5000ms threshold.
2026-09-27 21:30:57 [INFO] [notification_worker] Order #95965 placed. Total: $162.96.
2026-09-27 21:31:07 [INFO] [payment_gateway] Database connection acquired from pool.
2026-09-27 21:31:52 [INFO] [db_pool] Database connection acquired from pool.
2026-09-27 21:32:30 [INFO] [notification_worker] User 556 logged in successfully.
2026-09-27 21:33:10 [INFO] [payment_gateway] Order #35674 placed. Total: $433.66.
2026-09-27 21:33:36 [INFO] [user_service] User 350 logged in successfully.
2026-09-27 21:33:46 [INFO] [user_service] Token refreshed for session 9775.
2026-09-27 21:34:05 [INFO] [db_pool] Order #88992 placed. Total: $248.50.
2026-09-27 21:34:47 [INFO] [auth_service] User 570 logged in successfully.
2026-09-27 21:35:04 [INFO] [db_pool] Token refreshed for session 5933.
2026-09-27 21:35:49 [WARNING] [notification_worker] Rate limit threshold reached for IP 192.168.1.195.
2026-09-27 21:36:29 [INFO] [notification_worker] Notification dispatched to user 287.
2026-09-27 21:36:46 [INFO] [payment_gateway] Notification dispatched to user 919.
2026-09-27 21:37:16 [DEBUG] [order_api] Connection pool active connections: 28.
2026-09-27 21:37:52 [WARNING] [user_service] High memory consumption detected: 91% used.
2026-09-27 21:38:03 [INFO] [payment_gateway] Health check probe passed in 861ms.
2026-09-27 21:38:41 [INFO] [user_service] Health check probe passed in 1454ms.
2026-09-27 21:39:24 [INFO] [notification_worker] User 365 logged in successfully.
2026-09-27 21:39:43 [DEBUG] [order_api] Cache hit for key 'session:4725'.
2026-09-27 21:40:19 [INFO] [db_pool] Health check probe passed in 422ms.
2026-09-27 21:40:47 [INFO] [notification_worker] Order #74951 placed. Total: $243.88.
2026-09-27 21:41:23 [ERROR] [auth_service] PaymentGatewayTimeout: Stripe API call exceeded 5000ms threshold.
2026-09-27 21:42:02 [DEBUG] [db_pool] Payload verification completed for request #60082.
2026-09-27 21:42:08 [DEBUG] [notification_worker] Cache hit for key 'session:7834'.
2026-09-27 21:42:14 [ERROR] [db_pool] KeyError: 'user_id' not found in incoming request payload.
2026-09-27 21:42:28 [WARNING] [user_service] Deprecated API endpoint accessed: /v1/checkout.
2026-09-27 21:42:45 [INFO] [notification_worker] Token refreshed for session 9421.
2026-09-27 21:43:07 [INFO] [notification_worker] Token refreshed for session 1620.
2026-09-27 21:43:46 [WARNING] [payment_gateway] Rate limit threshold reached for IP 192.168.1.152.
2026-09-27 21:43:49 [INFO] [notification_worker] Database connection acquired from pool.
2026-09-27 21:44:02 [INFO] [order_api] User 848 logged in successfully.
2026-09-27 21:44:26 [INFO] [db_pool] User 906 logged in successfully.
2026-09-27 21:44:39 [INFO] [user_service] Database connection acquired from pool.
2026-09-27 21:44:55 [CRITICAL] [order_api] OutOfMemoryError: Container worker-2 killed by OOM killer.
2026-09-27 21:45:14 [INFO] [notification_worker] User 803 logged in successfully.
2026-09-27 21:45:30 [INFO] [user_service] Token refreshed for session 2786.
2026-09-27 21:46:07 [INFO] [order_api] Notification dispatched to user 814.
2026-09-27 21:46:15 [INFO] [notification_worker] User 919 logged in successfully.
2026-09-27 21:46:57 [INFO] [payment_gateway] Token refreshed for session 3479.
2026-09-27 21:47:27 [DEBUG] [notification_worker] Connection pool active connections: 13.
2026-09-27 21:47:31 [INFO] [payment_gateway] Notification dispatched to user 650.
2026-09-27 21:47:43 [INFO] [notification_worker] Notification dispatched to user 725.
2026-09-27 21:48:05 [WARNING] [auth_service] Deprecated API endpoint accessed: /v1/checkout.
2026-09-27 21:48:49 [INFO] [payment_gateway] Token refreshed for session 7481.
2026-09-27 21:49:25 [INFO] [auth_service] Order #20029 placed. Total: $92.47.
2026-09-27 21:49:56 [INFO] [order_api] Token refreshed for session 7734.
2026-09-27 21:50:23 [INFO] [user_service] Database connection acquired from pool.
2026-09-27 21:50:31 [ERROR] [db_pool] KeyError: 'user_id' not found in incoming request payload.
2026-09-27 21:50:43 [DEBUG] [payment_gateway] Connection pool active connections: 12.
2026-09-27 21:51:21 [INFO] [auth_service] User 942 logged in successfully.
2026-09-27 21:52:06 [INFO] [db_pool] Health check probe passed in 2139ms.
2026-09-27 21:52:13 [INFO] [payment_gateway] Notification dispatched to user 816.
2026-09-27 21:52:40 [DEBUG] [order_api] Payload verification completed for request #88498.
2026-09-27 21:52:50 [INFO] [notification_worker] Order #18034 placed. Total: $234.88.
2026-09-27 21:53:27 [ERROR] [user_service] DatabaseConnectionError: Failed to connect to host db-replica-1:5432.
2026-09-27 21:54:10 [INFO] [user_service] Order #12554 placed. Total: $180.52.
2026-09-27 21:54:35 [INFO] [order_api] Token refreshed for session 8282.
2026-09-27 21:55:15 [DEBUG] [payment_gateway] Connection pool active connections: 42.
2026-09-27 21:55:24 [INFO] [auth_service] Token refreshed for session 7262.
2026-09-27 21:55:29 [INFO] [notification_worker] User 891 logged in successfully.
2026-09-27 21:56:14 [DEBUG] [notification_worker] Connection pool active connections: 16.
2026-09-27 21:56:25 [INFO] [db_pool] User 128 logged in successfully.
2026-09-27 21:57:06 [CRITICAL] [db_pool] ServiceUnavailable: Downstream auth cluster unreachable.
2026-09-27 21:57:38 [WARNING] [order_api] Slow query detected: 490ms execution time.
2026-09-27 21:57:46 [INFO] [user_service] Order #54733 placed. Total: $188.14.
2026-09-27 21:58:01 [INFO] [auth_service] Token refreshed for session 7280.
2026-09-27 21:58:39 [DEBUG] [auth_service] Executing query: SELECT * FROM users WHERE id = 551;
2026-09-27 21:58:42 [INFO] [auth_service] Database connection acquired from pool.
2026-09-27 21:59:19 [INFO] [user_service] Database connection acquired from pool.
2026-09-27 21:59:22 [INFO] [payment_gateway] Database connection acquired from pool.
2026-09-27 21:59:38 [INFO] [payment_gateway] User 125 logged in successfully.
2026-09-27 22:00:11 [INFO] [order_api] Notification dispatched to user 162.
2026-09-27 22:00:35 [ERROR] [db_pool] PaymentGatewayTimeout: Stripe API call exceeded 5000ms threshold.
2026-09-27 22:01:13 [INFO] [auth_service] User 698 logged in successfully.
2026-09-27 22:01:38 [INFO] [auth_service] User 481 logged in successfully.
2026-09-27 22:02:06 [WARNING] [user_service] High memory consumption detected: 94% used.
2026-09-27 22:02:35 [INFO] [db_pool] Order #92297 placed. Total: $452.04.
2026-09-27 22:03:19 [WARNING] [db_pool] Slow query detected: 2063ms execution time.
2026-09-27 22:03:23 [INFO] [order_api] Health check probe passed in 966ms.
2026-09-27 22:03:52 [INFO] [db_pool] Notification dispatched to user 274.
2026-09-27 22:03:59 [INFO] [user_service] User 984 logged in successfully.
2026-09-27 22:04:27 [ERROR] [user_service] FileNotFoundError: Template /app/templates/receipt.html not found.
2026-09-27 22:04:59 [DEBUG] [user_service] Executing query: SELECT * FROM users WHERE id = 151;
2026-09-27 22:05:02 [INFO] [db_pool] Order #52749 placed. Total: $294.88.
2026-09-27 22:05:36 [INFO] [user_service] Notification dispatched to user 589.
2026-09-27 22:05:40 [INFO] [db_pool] Order #22250 placed. Total: $447.71.
2026-09-27 22:05:51 [INFO] [db_pool] Notification dispatched to user 640.
2026-09-27 22:06:18 [INFO] [order_api] Token refreshed for session 4275.
2026-09-27 22:06:27 [INFO] [auth_service] User 187 logged in successfully.
2026-09-27 22:06:54 [INFO] [payment_gateway] Health check probe passed in 2363ms.
2026-09-27 22:07:15 [INFO] [auth_service] Database connection acquired from pool.
2026-09-27 22:07:28 [INFO] [order_api] Order #66900 placed. Total: $385.62.
2026-09-27 22:08:03 [INFO] [payment_gateway] Token refreshed for session 9158.
2026-09-27 22:08:32 [INFO] [payment_gateway] Token refreshed for session 2505.
2026-09-27 22:09:10 [INFO] [payment_gateway] Order #55484 placed. Total: $268.03.
2026-09-27 22:09:31 [WARNING] [auth_service] Rate limit threshold reached for IP 192.168.1.176.
2026-09-27 22:09:56 [WARNING] [auth_service] Deprecated API endpoint accessed: /v1/checkout.
2026-09-27 22:10:06 [INFO] [notification_worker] Health check probe passed in 261ms.
2026-09-27 22:10:26 [INFO] [order_api] User 434 logged in successfully.
2026-09-27 22:11:06 [DEBUG] [payment_gateway] Cache hit for key 'session:9800'.
2026-09-27 22:11:45 [INFO] [db_pool] User 273 logged in successfully.
2026-09-27 22:11:49 [WARNING] [auth_service] Deprecated API endpoint accessed: /v1/checkout.
2026-09-27 22:12:30 [INFO] [notification_worker] Token refreshed for session 9405.
2026-09-27 22:12:48 [INFO] [db_pool] Order #54658 placed. Total: $482.08.
2026-09-27 22:13:21 [INFO] [order_api] Token refreshed for session 4918.
2026-09-27 22:13:22 [ERROR] [auth_service] KeyError: 'user_id' not found in incoming request payload.
2026-09-27 22:13:29 [INFO] [user_service] Token refreshed for session 6017.
2026-09-27 22:13:56 [INFO] [payment_gateway] Health check probe passed in 2308ms.
2026-09-27 22:14:33 [INFO] [user_service] Database connection acquired from pool.
2026-09-27 22:14:40 [INFO] [user_service] Notification dispatched to user 147.
2026-09-27 22:15:11 [DEBUG] [payment_gateway] Executing query: SELECT * FROM users WHERE id = 318;
2026-09-27 22:15:53 [INFO] [auth_service] Order #81922 placed. Total: $27.61.
2026-09-27 22:16:16 [INFO] [payment_gateway] User 498 logged in successfully.
2026-09-27 22:16:40 [ERROR] [order_api] IntegrityError: Duplicate key value violates unique constraint 'users_email_key'.
2026-09-27 22:17:19 [ERROR] [notification_worker] KeyError: 'user_id' not found in incoming request payload.
2026-09-27 22:17:39 [INFO] [payment_gateway] Database connection acquired from pool.
2026-09-27 22:18:08 [INFO] [notification_worker] Order #28887 placed. Total: $226.29.
2026-09-27 22:18:09 [INFO] [user_service] Database connection acquired from pool.
2026-09-27 22:18:46 [INFO] [auth_service] Health check probe passed in 2345ms.
2026-09-27 22:18:56 [INFO] [db_pool] Notification dispatched to user 548.
2026-09-27 22:19:33 [INFO] [db_pool] User 836 logged in successfully.
2026-09-27 22:20:17 [INFO] [notification_worker] Token refreshed for session 2892.
2026-09-27 22:20:21 [INFO] [db_pool] Database connection acquired from pool.
2026-09-27 22:20:36 [CRITICAL] [db_pool] DeadlockDetected: Transaction aborted on table 'orders'.
2026-09-27 22:20:58 [WARNING] [user_service] Rate limit threshold reached for IP 192.168.1.26.
2026-09-27 22:20:59 [INFO] [payment_gateway] Order #83095 placed. Total: $397.96.
2026-09-27 22:21:06 [WARNING] [payment_gateway] Rate limit threshold reached for IP 192.168.1.62.
2026-09-27 22:21:11 [INFO] [payment_gateway] Token refreshed for session 6125.
2026-09-27 22:21:39 [DEBUG] [user_service] Cache hit for key 'session:3222'.
2026-09-27 22:22:22 [INFO] [auth_service] Token refreshed for session 1530.
2026-09-27 22:23:03 [ERROR] [db_pool] DatabaseConnectionError: Failed to connect to host db-replica-1:5432.
2026-09-27 22:23:07 [INFO] [order_api] Health check probe passed in 189ms.
2026-09-27 22:23:19 [WARNING] [notification_worker] Slow query detected: 509ms execution time.
2026-09-27 22:23:38 [INFO] [notification_worker] Token refreshed for session 9966.
2026-09-27 22:24:15 [ERROR] [payment_gateway] PaymentGatewayTimeout: Stripe API call exceeded 5000ms threshold.
2026-09-27 22:24:49 [INFO] [auth_service] Notification dispatched to user 344.
2026-09-27 22:24:53 [DEBUG] [auth_service] Connection pool active connections: 46.
2026-09-27 22:25:04 [ERROR] [order_api] IntegrityError: Duplicate key value violates unique constraint 'users_email_key'.
2026-09-27 22:25:27 [ERROR] [auth_service] KeyError: 'user_id' not found in incoming request payload.
2026-09-27 22:25:46 [DEBUG] [auth_service] Payload verification completed for request #96621.
2026-09-27 22:26:30 [DEBUG] [auth_service] Cache hit for key 'session:7656'.
2026-09-27 22:26:37 [ERROR] [order_api] DatabaseConnectionError: Failed to connect to host db-replica-1:5432.
2026-09-27 22:27:00 [WARNING] [db_pool] Deprecated API endpoint accessed: /v1/checkout.
2026-09-27 22:27:15 [INFO] [db_pool] Notification dispatched to user 586.
2026-09-27 22:27:40 [ERROR] [payment_gateway] FileNotFoundError: Template /app/templates/receipt.html not found.
2026-09-27 22:27:48 [DEBUG] [user_service] Connection pool active connections: 24.
2026-09-27 22:28:11 [INFO] [order_api] Order #47691 placed. Total: $328.55.
2026-09-27 22:28:54 [INFO] [user_service] Token refreshed for session 8960.
2026-09-27 22:29:37 [ERROR] [notification_worker] PaymentGatewayTimeout: Stripe API call exceeded 5000ms threshold.
2026-09-27 22:30:18 [WARNING] [order_api] High memory consumption detected: 96% used.
2026-09-27 22:30:51 [INFO] [user_service] Health check probe passed in 1895ms.
2026-09-27 22:31:07 [DEBUG] [order_api] Cache hit for key 'session:3907'.
2026-09-27 22:31:19 [ERROR] [user_service] FileNotFoundError: Template /app/templates/receipt.html not found.
2026-09-27 22:31:59 [DEBUG] [db_pool] Payload verification completed for request #62036.
2026-09-27 22:32:38 [DEBUG] [user_service] Executing query: SELECT * FROM users WHERE id = 894;
2026-09-27 22:33:03 [DEBUG] [user_service] Connection pool active connections: 48.
2026-09-27 22:33:42 [INFO] [payment_gateway] Order #51632 placed. Total: $372.85.
2026-09-27 22:34:05 [INFO] [payment_gateway] Database connection acquired from pool.
2026-09-27 22:34:36 [INFO] [order_api] Database connection acquired from pool.
2026-09-27 22:34:58 [INFO] [user_service] User 395 logged in successfully.
2026-09-27 22:35:08 [ERROR] [order_api] IntegrityError: Duplicate key value violates unique constraint 'users_email_key'.
2026-09-27 22:35:43 [DEBUG] [db_pool] Payload verification completed for request #67582.
2026-09-27 22:36:08 [INFO] [auth_service] Notification dispatched to user 418.
2026-09-27 22:36:32 [DEBUG] [notification_worker] Payload verification completed for request #98315.
2026-09-27 22:37:02 [INFO] [notification_worker] Health check probe passed in 2237ms.
2026-09-27 22:37:39 [INFO] [auth_service] Notification dispatched to user 818.
2026-09-27 22:37:45 [ERROR] [order_api] KeyError: 'user_id' not found in incoming request payload.
2026-09-27 22:38:23 [INFO] [order_api] Health check probe passed in 2228ms.
2026-09-27 22:38:30 [INFO] [auth_service] Notification dispatched to user 584.
2026-09-27 22:39:06 [INFO] [user_service] Health check probe passed in 565ms.
2026-09-27 22:39:35 [WARNING] [order_api] Slow query detected: 1233ms execution time.
2026-09-27 22:39:38 [INFO] [db_pool] User 778 logged in successfully.
2026-09-27 22:39:40 [ERROR] [db_pool] IntegrityError: Duplicate key value violates unique constraint 'users_email_key'.
2026-09-27 22:40:15 [INFO] [db_pool] Notification dispatched to user 769.
2026-09-27 22:40:26 [DEBUG] [payment_gateway] Connection pool active connections: 25.
2026-09-27 22:41:01 [DEBUG] [order_api] Payload verification completed for request #72069.
2026-09-27 22:41:10 [DEBUG] [db_pool] Payload verification completed for request #82099.
2026-09-27 22:41:29 [INFO] [payment_gateway] Health check probe passed in 935ms.
2026-09-27 22:42:01 [ERROR] [order_api] AuthenticationFailed: Invalid JWT signature for user 521.
2026-09-27 22:42:23 [ERROR] [db_pool] IntegrityError: Duplicate key value violates unique constraint 'users_email_key'.
2026-09-27 22:42:57 [INFO] [db_pool] Notification dispatched to user 412.
2026-09-27 22:43:14 [INFO] [order_api] Notification dispatched to user 684.
2026-09-27 22:43:17 [CRITICAL] [payment_gateway] ServiceUnavailable: Downstream auth cluster unreachable.
2026-09-27 22:43:33 [INFO] [payment_gateway] Token refreshed for session 6886.
2026-09-27 22:44:18 [WARNING] [notification_worker] Rate limit threshold reached for IP 192.168.1.227.
2026-09-27 22:44:30 [CRITICAL] [payment_gateway] DeadlockDetected: Transaction aborted on table 'orders'.
2026-09-27 22:44:46 [DEBUG] [notification_worker] Connection pool active connections: 31.
2026-09-27 22:45:12 [INFO] [notification_worker] Notification dispatched to user 799.
2026-09-27 22:45:27 [ERROR] [db_pool] DatabaseConnectionError: Failed to connect to host db-replica-1:5432.
2026-09-27 22:45:29 [DEBUG] [notification_worker] Cache hit for key 'session:2668'.
2026-09-27 22:45:53 [INFO] [order_api] Database connection acquired from pool.
2026-09-27 22:45:55 [ERROR] [user_service] DatabaseConnectionError: Failed to connect to host db-replica-1:5432.
2026-09-27 22:46:38 [INFO] [db_pool] Token refreshed for session 9860.
2026-09-27 22:46:49 [INFO] [order_api] Notification dispatched to user 677.
2026-09-27 22:47:15 [INFO] [user_service] User 571 logged in successfully.
2026-09-27 22:47:16 [DEBUG] [payment_gateway] Payload verification completed for request #90332.
2026-09-27 22:47:30 [INFO] [payment_gateway] Database connection acquired from pool.
2026-09-27 22:47:42 [INFO] [payment_gateway] User 497 logged in successfully.
2026-09-27 22:48:23 [INFO] [auth_service] User 682 logged in successfully.
2026-09-27 22:48:49 [CRITICAL] [notification_worker] DeadlockDetected: Transaction aborted on table 'orders'.
2026-09-27 22:49:31 [INFO] [db_pool] Database connection acquired from pool.
2026-09-27 22:49:51 [INFO] [auth_service] Database connection acquired from pool.
2026-09-27 22:50:11 [WARNING] [auth_service] High memory consumption detected: 87% used.
2026-09-27 22:50:32 [INFO] [auth_service] Notification dispatched to user 303.
2026-09-27 22:51:10 [DEBUG] [order_api] Payload verification completed for request #62715.
2026-09-27 22:51:31 [INFO] [auth_service] User 442 logged in successfully.
2026-09-27 22:51:50 [INFO] [user_service] Notification dispatched to user 639.
2026-09-27 22:52:13 [INFO] [payment_gateway] User 945 logged in successfully.
2026-09-27 22:52:23 [INFO] [order_api] Database connection acquired from pool.
2026-09-27 22:53:08 [WARNING] [notification_worker] Slow query detected: 2046ms execution time.
2026-09-27 22:53:10 [INFO] [user_service] Order #33053 placed. Total: $380.03.
2026-09-27 22:53:27 [DEBUG] [user_service] Executing query: SELECT * FROM users WHERE id = 754;
2026-09-27 22:53:50 [INFO] [payment_gateway] User 403 logged in successfully.
2026-09-27 22:54:04 [INFO] [notification_worker] Notification dispatched to user 832.
2026-09-27 22:54:44 [INFO] [auth_service] Database connection acquired from pool.
2026-09-27 22:55:02 [INFO] [db_pool] Database connection acquired from pool.
2026-09-27 22:55:43 [DEBUG] [auth_service] Payload verification completed for request #67337.
2026-09-27 22:55:44 [INFO] [payment_gateway] Database connection acquired from pool.
2026-09-27 22:56:27 [INFO] [payment_gateway] Token refreshed for session 7126.
2026-09-27 22:57:08 [INFO] [payment_gateway] Notification dispatched to user 960.
2026-09-27 22:57:09 [INFO] [order_api] Health check probe passed in 1291ms.
2026-09-27 22:57:35 [INFO] [db_pool] Order #75413 placed. Total: $433.64.
2026-09-27 22:58:04 [INFO] [db_pool] Health check probe passed in 315ms.
2026-09-27 22:58:32 [INFO] [order_api] Token refreshed for session 9582.
2026-09-27 22:59:12 [INFO] [auth_service] User 506 logged in successfully.
2026-09-27 22:59:39 [WARNING] [db_pool] High memory consumption detected: 90% used.
2026-09-27 22:59:49 [INFO] [payment_gateway] Order #83084 placed. Total: $418.95.
2026-09-27 23:00:02 [INFO] [order_api] Notification dispatched to user 444.
2026-09-27 23:00:09 [INFO] [payment_gateway] Database connection acquired from pool.
2026-09-27 23:00:41 [WARNING] [db_pool] Deprecated API endpoint accessed: /v1/checkout.
2026-09-27 23:01:25 [WARNING] [db_pool] High memory consumption detected: 91% used.
2026-09-27 23:02:03 [DEBUG] [order_api] Executing query: SELECT * FROM users WHERE id = 273;
2026-09-27 23:02:36 [WARNING] [order_api] Slow query detected: 196ms execution time.
2026-09-27 23:02:38 [INFO] [db_pool] User 642 logged in successfully.
2026-09-27 23:03:18 [INFO] [notification_worker] Notification dispatched to user 819.
2026-09-27 23:03:56 [DEBUG] [auth_service] Payload verification completed for request #58866.
2026-09-27 23:04:03 [WARNING] [notification_worker] Deprecated API endpoint accessed: /v1/checkout.
2026-09-27 23:04:23 [ERROR] [db_pool] DatabaseConnectionError: Failed to connect to host db-replica-1:5432.
2026-09-27 23:05:08 [INFO] [notification_worker] Order #25817 placed. Total: $207.20.
2026-09-27 23:05:33 [WARNING] [payment_gateway] Slow query detected: 202ms execution time.
2026-09-27 23:06:08 [INFO] [db_pool] Database connection acquired from pool.
2026-09-27 23:06:51 [INFO] [payment_gateway] Notification dispatched to user 658.
2026-09-27 23:06:59 [INFO] [payment_gateway] User 274 logged in successfully.
2026-09-27 23:07:23 [INFO] [order_api] Database connection acquired from pool.
2026-09-27 23:07:28 [WARNING] [user_service] Slow query detected: 825ms execution time.
2026-09-27 23:08:06 [INFO] [order_api] Health check probe passed in 139ms.
2026-09-27 23:08:47 [ERROR] [order_api] KeyError: 'user_id' not found in incoming request payload.
2026-09-27 23:09:31 [INFO] [order_api] Database connection acquired from pool.
2026-09-27 23:10:09 [WARNING] [order_api] Slow query detected: 1375ms execution time.
2026-09-27 23:10:26 [DEBUG] [order_api] Executing query: SELECT * FROM users WHERE id = 369;
2026-09-27 23:11:00 [INFO] [auth_service] User 324 logged in successfully.
2026-09-27 23:11:20 [WARNING] [notification_worker] Rate limit threshold reached for IP 192.168.1.10.
2026-09-27 23:11:21 [INFO] [payment_gateway] Token refreshed for session 4671.
2026-09-27 23:12:01 [INFO] [user_service] Order #64445 placed. Total: $461.31.
2026-09-27 23:12:09 [INFO] [db_pool] Database connection acquired from pool.
2026-09-27 23:12:33 [ERROR] [payment_gateway] DatabaseConnectionError: Failed to connect to host db-replica-1:5432.
2026-09-27 23:13:07 [INFO] [payment_gateway] User 264 logged in successfully.
2026-09-27 23:13:44 [WARNING] [auth_service] High memory consumption detected: 96% used.
2026-09-27 23:14:25 [INFO] [db_pool] Health check probe passed in 509ms.
2026-09-27 23:14:41 [INFO] [payment_gateway] Token refreshed for session 8941.
2026-09-27 23:15:04 [INFO] [user_service] Token refreshed for session 2567.
2026-09-27 23:15:47 [ERROR] [db_pool] IntegrityError: Duplicate key value violates unique constraint 'users_email_key'.
2026-09-27 23:16:12 [INFO] [notification_worker] Token refreshed for session 8900.
2026-09-27 23:16:42 [WARNING] [notification_worker] Rate limit threshold reached for IP 192.168.1.138.
2026-09-27 23:16:56 [DEBUG] [db_pool] Cache hit for key 'session:8495'.
2026-09-27 23:17:12 [INFO] [db_pool] Database connection acquired from pool.
2026-09-27 23:17:35 [INFO] [db_pool] Database connection acquired from pool.
2026-09-27 23:18:02 [CRITICAL] [notification_worker] OutOfMemoryError: Container worker-2 killed by OOM killer.
2026-09-27 23:18:47 [INFO] [notification_worker] Database connection acquired from pool.
2026-09-27 23:19:14 [INFO] [auth_service] Notification dispatched to user 788.
2026-09-27 23:19:58 [INFO] [auth_service] Health check probe passed in 1352ms.
2026-09-27 23:20:03 [INFO] [notification_worker] Token refreshed for session 3716.
2026-09-27 23:20:04 [DEBUG] [payment_gateway] Payload verification completed for request #52531.
2026-09-27 23:20:10 [DEBUG] [order_api] Executing query: SELECT * FROM users WHERE id = 503;
2026-09-27 23:20:22 [INFO] [user_service] Token refreshed for session 7430.
2026-09-27 23:21:03 [INFO] [payment_gateway] Database connection acquired from pool.
2026-09-27 23:21:11 [INFO] [notification_worker] User 707 logged in successfully.
2026-09-27 23:21:20 [WARNING] [payment_gateway] Deprecated API endpoint accessed: /v1/checkout.
2026-09-27 23:21:26 [WARNING] [notification_worker] Slow query detected: 1955ms execution time.
2026-09-27 23:21:51 [INFO] [order_api] Notification dispatched to user 452.
2026-09-27 23:22:25 [WARNING] [payment_gateway] Slow query detected: 1442ms execution time.
2026-09-27 23:22:45 [ERROR] [user_service] KeyError: 'user_id' not found in incoming request payload.
2026-09-27 23:23:29 [ERROR] [auth_service] PaymentGatewayTimeout: Stripe API call exceeded 5000ms threshold.
2026-09-27 23:23:58 [ERROR] [db_pool] DatabaseConnectionError: Failed to connect to host db-replica-1:5432.
2026-09-27 23:24:25 [INFO] [db_pool] Token refreshed for session 3318.
2026-09-27 23:24:37 [INFO] [notification_worker] Database connection acquired from pool.
2026-09-27 23:24:38 [INFO] [db_pool] Database connection acquired from pool.
2026-09-27 23:25:13 [INFO] [auth_service] Order #90044 placed. Total: $194.39.
2026-09-27 23:25:44 [INFO] [notification_worker] Database connection acquired from pool.
2026-09-27 23:26:17 [INFO] [order_api] Order #35427 placed. Total: $52.49.
2026-09-27 23:26:44 [INFO] [db_pool] Order #86376 placed. Total: $39.51.
2026-09-27 23:27:27 [WARNING] [order_api] Deprecated API endpoint accessed: /v1/checkout.
2026-09-27 23:27:51 [INFO] [db_pool] Notification dispatched to user 466.
2026-09-27 23:28:09 [INFO] [order_api] Order #65690 placed. Total: $148.09.
2026-09-27 23:28:32 [INFO] [notification_worker] Database connection acquired from pool.
2026-09-27 23:29:06 [ERROR] [auth_service] IntegrityError: Duplicate key value violates unique constraint 'users_email_key'.
2026-09-27 23:29:49 [WARNING] [auth_service] Slow query detected: 491ms execution time.
2026-09-27 23:30:32 [INFO] [payment_gateway] Health check probe passed in 375ms.
2026-09-27 23:30:42 [INFO] [notification_worker] Database connection acquired from pool.
2026-09-27 23:30:53 [WARNING] [db_pool] Slow query detected: 1070ms execution time.
2026-09-27 23:30:58 [INFO] [db_pool] Token refreshed for session 7746.
2026-09-27 23:31:24 [INFO] [db_pool] User 704 logged in successfully.
2026-09-27 23:31:27 [WARNING] [user_service] Rate limit threshold reached for IP 192.168.1.106.
2026-09-27 23:31:43 [INFO] [auth_service] Notification dispatched to user 386.
2026-09-27 23:32:10 [DEBUG] [payment_gateway] Payload verification completed for request #67623.
2026-09-27 23:32:25 [INFO] [payment_gateway] Database connection acquired from pool.
2026-09-27 23:33:03 [INFO] [payment_gateway] Token refreshed for session 6577.
2026-09-27 23:33:12 [DEBUG] [auth_service] Executing query: SELECT * FROM users WHERE id = 103;
2026-09-27 23:33:31 [ERROR] [payment_gateway] DatabaseConnectionError: Failed to connect to host db-replica-1:5432.
2026-09-27 23:34:09 [INFO] [payment_gateway] Health check probe passed in 225ms.
2026-09-27 23:34:23 [INFO] [db_pool] Token refreshed for session 6833.
2026-09-27 23:35:06 [ERROR] [user_service] AuthenticationFailed: Invalid JWT signature for user 238.
2026-09-27 23:35:11 [DEBUG] [user_service] Payload verification completed for request #75754.
2026-09-27 23:35:24 [INFO] [notification_worker] Order #77259 placed. Total: $400.25.
2026-09-27 23:35:45 [INFO] [auth_service] Health check probe passed in 1227ms.
2026-09-27 23:36:01 [INFO] [payment_gateway] Token refreshed for session 8060.
2026-09-27 23:36:45 [INFO] [payment_gateway] User 700 logged in successfully.
2026-09-27 23:37:09 [CRITICAL] [auth_service] DeadlockDetected: Transaction aborted on table 'orders'.
2026-09-27 23:37:20 [INFO] [payment_gateway] Database connection acquired from pool.
2026-09-27 23:37:30 [ERROR] [user_service] AuthenticationFailed: Invalid JWT signature for user 158.
2026-09-27 23:37:40 [INFO] [notification_worker] Order #40868 placed. Total: $226.00.
2026-09-27 23:38:17 [CRITICAL] [db_pool] ServiceUnavailable: Downstream auth cluster unreachable.
2026-09-27 23:38:49 [INFO] [notification_worker] Token refreshed for session 6961.
2026-09-27 23:39:10 [INFO] [order_api] Database connection acquired from pool.
2026-09-27 23:39:39 [INFO] [notification_worker] User 669 logged in successfully.
2026-09-27 23:39:59 [INFO] [auth_service] Database connection acquired from pool.
2026-09-27 23:40:27 [INFO] [auth_service] Notification dispatched to user 807.
2026-09-27 23:40:43 [INFO] [user_service] Database connection acquired from pool.
2026-09-27 23:41:13 [ERROR] [user_service] IntegrityError: Duplicate key value violates unique constraint 'users_email_key'.
2026-09-27 23:41:37 [INFO] [user_service] Database connection acquired from pool.
2026-09-27 23:42:17 [DEBUG] [db_pool] Executing query: SELECT * FROM users WHERE id = 102;
2026-09-27 23:42:26 [DEBUG] [user_service] Connection pool active connections: 50.
2026-09-27 23:42:52 [INFO] [db_pool] Notification dispatched to user 922.
2026-09-27 23:43:10 [DEBUG] [auth_service] Cache hit for key 'session:9887'.
2026-09-27 23:43:52 [INFO] [order_api] Token refreshed for session 8863.
2026-09-27 23:44:22 [ERROR] [user_service] AuthenticationFailed: Invalid JWT signature for user 431.
2026-09-27 23:44:34 [INFO] [notification_worker] Order #54498 placed. Total: $402.12.
2026-09-27 23:45:03 [WARNING] [auth_service] Slow query detected: 2201ms execution time.
2026-09-27 23:45:33 [DEBUG] [notification_worker] Cache hit for key 'session:8697'.
2026-09-27 23:45:42 [CRITICAL] [user_service] OutOfMemoryError: Container worker-2 killed by OOM killer.
2026-09-27 23:46:13 [ERROR] [user_service] IntegrityError: Duplicate key value violates unique constraint 'users_email_key'.
2026-09-27 23:46:40 [WARNING] [payment_gateway] High memory consumption detected: 87% used.
2026-09-27 23:46:56 [DEBUG] [user_service] Executing query: SELECT * FROM users WHERE id = 903;
2026-09-27 23:47:16 [CRITICAL] [payment_gateway] OutOfMemoryError: Container worker-2 killed by OOM killer.
2026-09-27 23:47:28 [INFO] [auth_service] User 403 logged in successfully.
2026-09-27 23:48:04 [INFO] [notification_worker] Notification dispatched to user 252.
2026-09-27 23:48:34 [INFO] [notification_worker] Notification dispatched to user 180.
2026-09-27 23:48:48 [INFO] [db_pool] Notification dispatched to user 709.
2026-09-27 23:49:20 [DEBUG] [notification_worker] Connection pool active connections: 34.
2026-09-27 23:49:49 [INFO] [order_api] Health check probe passed in 2370ms.
2026-09-27 23:49:50 [INFO] [user_service] Token refreshed for session 4887.
2026-09-27 23:50:23 [INFO] [payment_gateway] Order #45583 placed. Total: $10.14.
2026-09-27 23:51:06 [INFO] [auth_service] Database connection acquired from pool.
2026-09-27 23:51:33 [INFO] [order_api] Database connection acquired from pool.
2026-09-27 23:51:42 [INFO] [order_api] Database connection acquired from pool.
2026-09-27 23:51:48 [INFO] [notification_worker] Order #48835 placed. Total: $48.05.
2026-09-27 23:51:55 [INFO] [notification_worker] User 768 logged in successfully.
2026-09-27 23:52:33 [INFO] [order_api] Token refreshed for session 8271.
2026-09-27 23:52:43 [INFO] [payment_gateway] Token refreshed for session 4011.
2026-09-27 23:53:07 [WARNING] [db_pool] Rate limit threshold reached for IP 192.168.1.100.
2026-09-27 23:53:32 [DEBUG] [user_service] Executing query: SELECT * FROM users WHERE id = 354;
2026-09-27 23:53:35 [ERROR] [auth_service] DatabaseConnectionError: Failed to connect to host db-replica-1:5432.
2026-09-27 23:54:05 [ERROR] [notification_worker] KeyError: 'user_id' not found in incoming request payload.
2026-09-27 23:54:45 [INFO] [db_pool] Notification dispatched to user 245.
2026-09-27 23:55:13 [ERROR] [payment_gateway] IntegrityError: Duplicate key value violates unique constraint 'users_email_key'.
2026-09-27 23:55:56 [ERROR] [user_service] AuthenticationFailed: Invalid JWT signature for user 620.
2026-09-27 23:56:16 [INFO] [db_pool] Health check probe passed in 2154ms.
2026-09-27 23:56:29 [INFO] [db_pool] Health check probe passed in 1842ms.
2026-09-27 23:57:08 [ERROR] [order_api] IntegrityError: Duplicate key value violates unique constraint 'users_email_key'.
2026-09-27 23:57:23 [INFO] [order_api] Order #53002 placed. Total: $217.72.
2026-09-27 23:57:34 [ERROR] [db_pool] IntegrityError: Duplicate key value violates unique constraint 'users_email_key'.
2026-09-27 23:57:45 [INFO] [order_api] Order #47416 placed. Total: $69.60.
2026-09-27 23:58:07 [INFO] [payment_gateway] Order #66240 placed. Total: $286.62.
2026-09-27 23:58:38 [WARNING] [order_api] Slow query detected: 1879ms execution time.
2026-09-27 23:58:47 [INFO] [auth_service] Token refreshed for session 4739.
2026-09-27 23:58:59 [ERROR] [payment_gateway] KeyError: 'user_id' not found in incoming request payload.
2026-09-27 23:59:00 [INFO] [payment_gateway] Health check probe passed in 2324ms.
2026-09-27 23:59:17 [INFO] [user_service] Order #91744 placed. Total: $395.45.
2026-09-27 23:59:35 [INFO] [user_service] Notification dispatched to user 323.
2026-09-27 23:59:52 [WARNING] [order_api] Rate limit threshold reached for IP 192.168.1.169.
2026-09-28 00:00:05 [INFO] [auth_service] Database connection acquired from pool.
2026-09-28 00:00:41 [INFO] [notification_worker] Database connection acquired from pool.
2026-09-28 00:01:10 [INFO] [notification_worker] Notification dispatched to user 823.
2026-09-28 00:01:16 [INFO] [db_pool] Token refreshed for session 6642.
2026-09-28 00:01:49 [WARNING] [order_api] Slow query detected: 402ms execution time.
2026-09-28 00:02:24 [INFO] [auth_service] Token refreshed for session 6849.
2026-09-28 00:02:59 [DEBUG] [payment_gateway] Cache hit for key 'session:9071'.
2026-09-28 00:03:19 [INFO] [notification_worker] User 539 logged in successfully.
2026-09-28 00:03:30 [INFO] [notification_worker] Database connection acquired from pool.
2026-09-28 00:03:46 [ERROR] [user_service] PaymentGatewayTimeout: Stripe API call exceeded 5000ms threshold.
2026-09-28 00:03:47 [INFO] [order_api] Notification dispatched to user 402.
2026-09-28 00:03:49 [ERROR] [notification_worker] PaymentGatewayTimeout: Stripe API call exceeded 5000ms threshold.
2026-09-28 00:03:54 [INFO] [db_pool] Database connection acquired from pool.
2026-09-28 00:03:56 [WARNING] [payment_gateway] Slow query detected: 443ms execution time.
2026-09-28 00:04:13 [INFO] [auth_service] Database connection acquired from pool.
2026-09-28 00:04:35 [INFO] [user_service] User 958 logged in successfully.
2026-09-28 00:04:58 [INFO] [db_pool] Database connection acquired from pool.
2026-09-28 00:05:15 [INFO] [auth_service] Health check probe passed in 2370ms.
2026-09-28 00:05:18 [INFO] [user_service] Notification dispatched to user 250.
2026-09-28 00:05:21 [DEBUG] [payment_gateway] Executing query: SELECT * FROM users WHERE id = 909;
2026-09-28 00:06:06 [INFO] [user_service] Order #70508 placed. Total: $463.59.
2026-09-28 00:06:40 [WARNING] [payment_gateway] Deprecated API endpoint accessed: /v1/checkout.
2026-09-28 00:07:24 [INFO] [auth_service] Order #67381 placed. Total: $268.21.
2026-09-28 00:08:03 [INFO] [user_service] Database connection acquired from pool.
2026-09-28 00:08:13 [CRITICAL] [payment_gateway] DeadlockDetected: Transaction aborted on table 'orders'.
2026-09-28 00:08:44 [DEBUG] [auth_service] Payload verification completed for request #60119.
2026-09-28 00:09:16 [INFO] [payment_gateway] Order #56008 placed. Total: $351.72.
2026-09-28 00:09:32 [ERROR] [auth_service] AuthenticationFailed: Invalid JWT signature for user 434.
2026-09-28 00:09:39 [WARNING] [auth_service] Rate limit threshold reached for IP 192.168.1.60.
2026-09-28 00:10:03 [DEBUG] [db_pool] Payload verification completed for request #72362.
2026-09-28 00:10:48 [INFO] [db_pool] Database connection acquired from pool.
2026-09-28 00:11:04 [INFO] [db_pool] User 737 logged in successfully.
2026-09-28 00:11:33 [DEBUG] [order_api] Payload verification completed for request #94838.
2026-09-28 00:12:16 [DEBUG] [notification_worker] Cache hit for key 'session:2391'.
2026-09-28 00:12:57 [INFO] [notification_worker] User 133 logged in successfully.
2026-09-28 00:13:21 [INFO] [order_api] Health check probe passed in 1853ms.
2026-09-28 00:13:27 [WARNING] [db_pool] High memory consumption detected: 84% used.
2026-09-28 00:13:32 [ERROR] [auth_service] IntegrityError: Duplicate key value violates unique constraint 'users_email_key'.
2026-09-28 00:13:44 [DEBUG] [notification_worker] Payload verification completed for request #60889.
2026-09-28 00:14:03 [ERROR] [auth_service] FileNotFoundError: Template /app/templates/receipt.html not found.
2026-09-28 00:14:40 [INFO] [auth_service] Health check probe passed in 2006ms.
2026-09-28 00:14:42 [INFO] [order_api] Database connection acquired from pool.
2026-09-28 00:15:06 [DEBUG] [db_pool] Payload verification completed for request #89748.
2026-09-28 00:15:18 [INFO] [db_pool] Health check probe passed in 1940ms.
2026-09-28 00:15:59 [WARNING] [order_api] Deprecated API endpoint accessed: /v1/checkout.
2026-09-28 00:16:29 [ERROR] [payment_gateway] KeyError: 'user_id' not found in incoming request payload.
2026-09-28 00:16:38 [WARNING] [user_service] Deprecated API endpoint accessed: /v1/checkout.
2026-09-28 00:16:47 [INFO] [payment_gateway] Token refreshed for session 1869.
2026-09-28 00:17:22 [DEBUG] [order_api] Cache hit for key 'session:8855'.
2026-09-28 00:17:46 [DEBUG] [notification_worker] Cache hit for key 'session:2138'.
2026-09-28 00:18:30 [WARNING] [payment_gateway] Slow query detected: 1010ms execution time.
2026-09-28 00:18:34 [DEBUG] [payment_gateway] Executing query: SELECT * FROM users WHERE id = 646;
2026-09-28 00:18:51 [INFO] [user_service] Order #72104 placed. Total: $241.71.
2026-09-28 00:19:30 [ERROR] [notification_worker] KeyError: 'user_id' not found in incoming request payload.
2026-09-28 00:20:13 [INFO] [payment_gateway] Database connection acquired from pool.
2026-09-28 00:20:33 [INFO] [payment_gateway] Database connection acquired from pool.
2026-09-28 00:20:52 [ERROR] [notification_worker] AuthenticationFailed: Invalid JWT signature for user 286.
2026-09-28 00:21:12 [WARNING] [db_pool] Deprecated API endpoint accessed: /v1/checkout.
2026-09-28 00:21:31 [INFO] [payment_gateway] Database connection acquired from pool.
2026-09-28 00:21:38 [INFO] [notification_worker] Database connection acquired from pool.
2026-09-28 00:21:53 [INFO] [user_service] Order #97482 placed. Total: $447.65.
2026-09-28 00:22:20 [ERROR] [notification_worker] FileNotFoundError: Template /app/templates/receipt.html not found.
2026-09-28 00:22:46 [INFO] [notification_worker] Token refreshed for session 9640.
2026-09-28 00:22:57 [INFO] [order_api] User 932 logged in successfully.
2026-09-28 00:23:38 [DEBUG] [db_pool] Payload verification completed for request #88738.
2026-09-28 00:23:39 [ERROR] [db_pool] IntegrityError: Duplicate key value violates unique constraint 'users_email_key'.
2026-09-28 00:23:45 [ERROR] [order_api] FileNotFoundError: Template /app/templates/receipt.html not found.
2026-09-28 00:24:01 [INFO] [db_pool] Token refreshed for session 5917.
2026-09-28 00:24:39 [DEBUG] [user_service] Payload verification completed for request #69506.
2026-09-28 00:24:48 [INFO] [payment_gateway] User 486 logged in successfully.
2026-09-28 00:25:04 [CRITICAL] [payment_gateway] DeadlockDetected: Transaction aborted on table 'orders'.
2026-09-28 00:25:35 [WARNING] [notification_worker] Rate limit threshold reached for IP 192.168.1.130.
2026-09-28 00:25:45 [INFO] [user_service] Notification dispatched to user 592.
2026-09-28 00:25:56 [ERROR] [notification_worker] IntegrityError: Duplicate key value violates unique constraint 'users_email_key'.
2026-09-28 00:25:57 [ERROR] [notification_worker] FileNotFoundError: Template /app/templates/receipt.html not found.
2026-09-28 00:26:24 [INFO] [notification_worker] Token refreshed for session 8972.
2026-09-28 00:26:29 [DEBUG] [notification_worker] Connection pool active connections: 50.
2026-09-28 00:27:04 [WARNING] [auth_service] Deprecated API endpoint accessed: /v1/checkout.
2026-09-28 00:27:40 [ERROR] [user_service] FileNotFoundError: Template /app/templates/receipt.html not found.
2026-09-28 00:28:21 [INFO] [order_api] Health check probe passed in 1399ms.
2026-09-28 00:29:02 [DEBUG] [notification_worker] Payload verification completed for request #85672.
2026-09-28 00:29:08 [INFO] [auth_service] Database connection acquired from pool.
2026-09-28 00:29:23 [WARNING] [auth_service] High memory consumption detected: 98% used.
2026-09-28 00:29:29 [INFO] [notification_worker] User 123 logged in successfully.
2026-09-28 00:29:48 [DEBUG] [payment_gateway] Payload verification completed for request #74250.
2026-09-28 00:30:27 [INFO] [auth_service] Health check probe passed in 226ms.
2026-09-28 00:30:44 [INFO] [notification_worker] Token refreshed for session 5137.
2026-09-28 00:30:56 [INFO] [payment_gateway] Notification dispatched to user 361.
2026-09-28 00:31:10 [INFO] [user_service] User 249 logged in successfully.
2026-09-28 00:31:11 [INFO] [notification_worker] Health check probe passed in 1748ms.
2026-09-28 00:31:35 [INFO] [order_api] Token refreshed for session 6951.
2026-09-28 00:31:46 [DEBUG] [auth_service] Payload verification completed for request #85827.
2026-09-28 00:32:10 [DEBUG] [db_pool] Cache hit for key 'session:2753'.
2026-09-28 00:32:43 [DEBUG] [db_pool] Payload verification completed for request #86483.
2026-09-28 00:32:56 [CRITICAL] [auth_service] ServiceUnavailable: Downstream auth cluster unreachable.
2026-09-28 00:33:01 [WARNING] [order_api] High memory consumption detected: 92% used.
2026-09-28 00:33:05 [CRITICAL] [payment_gateway] DeadlockDetected: Transaction aborted on table 'orders'.
2026-09-28 00:33:38 [INFO] [user_service] Database connection acquired from pool.
2026-09-28 00:34:21 [INFO] [payment_gateway] User 773 logged in successfully.
2026-09-28 00:35:00 [INFO] [db_pool] Token refreshed for session 5285.
2026-09-28 00:35:10 [ERROR] [db_pool] KeyError: 'user_id' not found in incoming request payload.
2026-09-28 00:35:33 [WARNING] [notification_worker] High memory consumption detected: 86% used.
2026-09-28 00:35:44 [WARNING] [order_api] Deprecated API endpoint accessed: /v1/checkout.
2026-09-28 00:35:58 [INFO] [user_service] Notification dispatched to user 843.
2026-09-28 00:36:11 [ERROR] [order_api] AuthenticationFailed: Invalid JWT signature for user 651.
2026-09-28 00:36:52 [INFO] [notification_worker] Health check probe passed in 2016ms.
2026-09-28 00:37:18 [INFO] [auth_service] Token refreshed for session 1295.
2026-09-28 00:37:43 [INFO] [payment_gateway] Notification dispatched to user 363.
2026-09-28 00:38:27 [INFO] [order_api] User 676 logged in successfully.
2026-09-28 00:38:36 [INFO] [notification_worker] Token refreshed for session 5619.
2026-09-28 00:38:58 [ERROR] [order_api] DatabaseConnectionError: Failed to connect to host db-replica-1:5432.
2026-09-28 00:39:42 [INFO] [order_api] Order #60632 placed. Total: $149.74.
2026-09-28 00:39:58 [INFO] [notification_worker] Token refreshed for session 5816.
2026-09-28 00:40:32 [WARNING] [order_api] High memory consumption detected: 89% used.
2026-09-28 00:40:43 [INFO] [db_pool] Health check probe passed in 1788ms.
2026-09-28 00:41:19 [INFO] [payment_gateway] Database connection acquired from pool.
2026-09-28 00:41:23 [INFO] [db_pool] User 396 logged in successfully.
2026-09-28 00:42:02 [INFO] [auth_service] Order #49162 placed. Total: $466.59.
2026-09-28 00:42:04 [INFO] [db_pool] Order #79959 placed. Total: $249.63.
2026-09-28 00:42:16 [INFO] [auth_service] Database connection acquired from pool.
2026-09-28 00:42:30 [INFO] [notification_worker] Notification dispatched to user 651.
2026-09-28 00:43:14 [ERROR] [user_service] IntegrityError: Duplicate key value violates unique constraint 'users_email_key'.
2026-09-28 00:43:36 [ERROR] [order_api] IntegrityError: Duplicate key value violates unique constraint 'users_email_key'.
2026-09-28 00:44:19 [INFO] [payment_gateway] Notification dispatched to user 463.
2026-09-28 00:44:39 [DEBUG] [user_service] Executing query: SELECT * FROM users WHERE id = 481;
2026-09-28 00:45:20 [INFO] [payment_gateway] Database connection acquired from pool.
2026-09-28 00:45:30 [WARNING] [db_pool] Slow query detected: 619ms execution time.
2026-09-28 00:45:44 [INFO] [notification_worker] Order #99539 placed. Total: $178.51.
2026-09-28 00:45:57 [INFO] [auth_service] User 508 logged in successfully.
2026-09-28 00:46:14 [INFO] [db_pool] Order #19567 placed. Total: $423.08.
2026-09-28 00:46:24 [INFO] [auth_service] Token refreshed for session 3991.
2026-09-28 00:46:38 [INFO] [db_pool] Order #79996 placed. Total: $63.04.
2026-09-28 00:46:56 [CRITICAL] [auth_service] DeadlockDetected: Transaction aborted on table 'orders'.
2026-09-28 00:47:05 [INFO] [user_service] Notification dispatched to user 565.
2026-09-28 00:47:39 [ERROR] [payment_gateway] FileNotFoundError: Template /app/templates/receipt.html not found.
2026-09-28 00:47:59 [ERROR] [auth_service] KeyError: 'user_id' not found in incoming request payload.
2026-09-28 00:48:37 [INFO] [user_service] Order #83643 placed. Total: $159.27.
2026-09-28 00:48:52 [INFO] [payment_gateway] Database connection acquired from pool.
2026-09-28 00:49:11 [INFO] [user_service] Token refreshed for session 4119.
2026-09-28 00:49:19 [CRITICAL] [auth_service] DeadlockDetected: Transaction aborted on table 'orders'.
2026-09-28 00:49:54 [INFO] [user_service] Database connection acquired from pool.
2026-09-28 00:50:07 [INFO] [order_api] Notification dispatched to user 741.
2026-09-28 00:50:32 [DEBUG] [notification_worker] Connection pool active connections: 20.
2026-09-28 00:51:00 [INFO] [db_pool] Health check probe passed in 1022ms.
2026-09-28 00:51:06 [INFO] [notification_worker] User 826 logged in successfully.
2026-09-28 00:51:41 [INFO] [payment_gateway] Health check probe passed in 219ms.
2026-09-28 00:52:01 [ERROR] [user_service] KeyError: 'user_id' not found in incoming request payload.
2026-09-28 00:52:41 [INFO] [payment_gateway] Notification dispatched to user 912.
2026-09-28 00:53:19 [WARNING] [notification_worker] Rate limit threshold reached for IP 192.168.1.10.
2026-09-28 00:53:45 [INFO] [db_pool] Health check probe passed in 2085ms.
2026-09-28 00:54:21 [INFO] [auth_service] Notification dispatched to user 531.
2026-09-28 00:54:42 [DEBUG] [db_pool] Payload verification completed for request #58019.
2026-09-28 00:55:03 [DEBUG] [notification_worker] Payload verification completed for request #78884.
2026-09-28 00:55:17 [INFO] [payment_gateway] Health check probe passed in 1117ms.
2026-09-28 00:55:33 [INFO] [payment_gateway] Token refreshed for session 8895.
2026-09-28 00:55:58 [DEBUG] [order_api] Payload verification completed for request #62699.
2026-09-28 00:56:09 [INFO] [notification_worker] Token refreshed for session 1756.
2026-09-28 00:56:28 [INFO] [order_api] Order #96679 placed. Total: $450.69.
2026-09-28 00:56:38 [INFO] [notification_worker] Database connection acquired from pool.
2026-09-28 00:57:14 [INFO] [order_api] Notification dispatched to user 160.
2026-09-28 00:57:20 [WARNING] [notification_worker] High memory consumption detected: 98% used.
2026-09-28 00:57:30 [INFO] [user_service] Order #51230 placed. Total: $322.54.
2026-09-28 00:58:11 [WARNING] [payment_gateway] Rate limit threshold reached for IP 192.168.1.55.
2026-09-28 00:58:51 [INFO] [payment_gateway] User 625 logged in successfully.
2026-09-28 00:59:32 [INFO] [payment_gateway] Database connection acquired from pool.
2026-09-28 01:00:00 [INFO] [db_pool] Database connection acquired from pool.
2026-09-28 01:00:43 [INFO] [auth_service] Order #21590 placed. Total: $102.19.
2026-09-28 01:01:00 [INFO] [notification_worker] User 990 logged in successfully.
2026-09-28 01:01:28 [DEBUG] [payment_gateway] Executing query: SELECT * FROM users WHERE id = 908;
2026-09-28 01:01:48 [INFO] [db_pool] Database connection acquired from pool.
2026-09-28 01:01:49 [DEBUG] [order_api] Payload verification completed for request #97173.
2026-09-28 01:02:32 [INFO] [auth_service] Database connection acquired from pool.
2026-09-28 01:02:33 [WARNING] [payment_gateway] Deprecated API endpoint accessed: /v1/checkout.
2026-09-28 01:03:09 [DEBUG] [notification_worker] Connection pool active connections: 29.
2026-09-28 01:03:43 [INFO] [db_pool] Token refreshed for session 2402.
2026-09-28 01:03:44 [INFO] [order_api] Database connection acquired from pool.
2026-09-28 01:04:09 [INFO] [user_service] Order #40765 placed. Total: $453.37.
2026-09-28 01:04:14 [INFO] [payment_gateway] Token refreshed for session 1944.
2026-09-28 01:04:22 [ERROR] [user_service] KeyError: 'user_id' not found in incoming request payload.
2026-09-28 01:04:25 [INFO] [payment_gateway] Database connection acquired from pool.
2026-09-28 01:04:55 [INFO] [db_pool] Notification dispatched to user 723.
2026-09-28 01:05:30 [WARNING] [order_api] Slow query detected: 2300ms execution time.
2026-09-28 01:05:45 [INFO] [auth_service] Health check probe passed in 1982ms.
2026-09-28 01:06:21 [INFO] [order_api] Database connection acquired from pool.
2026-09-28 01:06:24 [INFO] [auth_service] User 861 logged in successfully.
2026-09-28 01:07:05 [INFO] [notification_worker] Order #15778 placed. Total: $177.55.
2026-09-28 01:07:47 [INFO] [payment_gateway] Health check probe passed in 2200ms.
2026-09-28 01:08:26 [INFO] [auth_service] Token refreshed for session 5828.
2026-09-28 01:08:51 [INFO] [payment_gateway] User 419 logged in successfully.
2026-09-28 01:09:27 [INFO] [payment_gateway] Order #13938 placed. Total: $122.46.
2026-09-28 01:09:57 [INFO] [notification_worker] Notification dispatched to user 397.
2026-09-28 01:10:09 [DEBUG] [notification_worker] Connection pool active connections: 12.
2026-09-28 01:10:13 [INFO] [db_pool] Notification dispatched to user 528.
2026-09-28 01:10:52 [ERROR] [order_api] IntegrityError: Duplicate key value violates unique constraint 'users_email_key'.
2026-09-28 01:10:58 [DEBUG] [db_pool] Cache hit for key 'session:6567'.
2026-09-28 01:11:16 [DEBUG] [db_pool] Cache hit for key 'session:2803'.
2026-09-28 01:11:37 [DEBUG] [order_api] Cache hit for key 'session:1772'.
2026-09-28 01:11:39 [INFO] [user_service] User 290 logged in successfully.
2026-09-28 01:12:24 [INFO] [auth_service] User 509 logged in successfully.
2026-09-28 01:12:58 [INFO] [user_service] Database connection acquired from pool.
2026-09-28 01:13:09 [INFO] [notification_worker] Health check probe passed in 274ms.
2026-09-28 01:13:40 [INFO] [user_service] User 325 logged in successfully.
2026-09-28 01:14:19 [DEBUG] [auth_service] Payload verification completed for request #87489.
2026-09-28 01:14:54 [INFO] [db_pool] Order #53195 placed. Total: $457.47.
2026-09-28 01:15:01 [ERROR] [payment_gateway] FileNotFoundError: Template /app/templates/receipt.html not found.
2026-09-28 01:15:15 [WARNING] [auth_service] Deprecated API endpoint accessed: /v1/checkout.
2026-09-28 01:15:54 [ERROR] [db_pool] FileNotFoundError: Template /app/templates/receipt.html not found.
2026-09-28 01:16:18 [INFO] [payment_gateway] Notification dispatched to user 912.
2026-09-28 01:16:56 [DEBUG] [order_api] Cache hit for key 'session:5151'.
2026-09-28 01:17:17 [INFO] [auth_service] User 589 logged in successfully.
2026-09-28 01:17:55 [INFO] [payment_gateway] Database connection acquired from pool.
2026-09-28 01:18:05 [INFO] [user_service] Token refreshed for session 7583.
2026-09-28 01:18:37 [DEBUG] [payment_gateway] Payload verification completed for request #77974.
2026-09-28 01:18:40 [INFO] [order_api] User 185 logged in successfully.
2026-09-28 01:19:08 [INFO] [order_api] Database connection acquired from pool.
2026-09-28 01:19:19 [CRITICAL] [user_service] OutOfMemoryError: Container worker-2 killed by OOM killer.
2026-09-28 01:19:24 [WARNING] [payment_gateway] Deprecated API endpoint accessed: /v1/checkout.
2026-09-28 01:19:58 [INFO] [user_service] Notification dispatched to user 763.
2026-09-28 01:20:17 [INFO] [payment_gateway] Database connection acquired from pool.
2026-09-28 01:20:20 [INFO] [payment_gateway] User 168 logged in successfully.
2026-09-28 01:20:41 [DEBUG] [auth_service] Executing query: SELECT * FROM users WHERE id = 812;
2026-09-28 01:21:05 [ERROR] [db_pool] IntegrityError: Duplicate key value violates unique constraint 'users_email_key'.
2026-09-28 01:21:43 [DEBUG] [db_pool] Executing query: SELECT * FROM users WHERE id = 838;
2026-09-28 01:21:53 [INFO] [db_pool] Token refreshed for session 8223.
2026-09-28 01:22:13 [INFO] [user_service] Order #26357 placed. Total: $179.72.
2026-09-28 01:22:25 [INFO] [user_service] Notification dispatched to user 219.
2026-09-28 01:22:27 [INFO] [user_service] Database connection acquired from pool.
2026-09-28 01:22:35 [INFO] [payment_gateway] Order #63044 placed. Total: $276.01.
2026-09-28 01:22:39 [INFO] [user_service] Health check probe passed in 2190ms.
2026-09-28 01:22:53 [ERROR] [order_api] KeyError: 'user_id' not found in incoming request payload.
2026-09-28 01:23:31 [CRITICAL] [notification_worker] ServiceUnavailable: Downstream auth cluster unreachable.
2026-09-28 01:24:02 [WARNING] [payment_gateway] Rate limit threshold reached for IP 192.168.1.140.
2026-09-28 01:24:06 [INFO] [user_service] Order #72189 placed. Total: $156.07.
2026-09-28 01:24:20 [INFO] [order_api] Token refreshed for session 8687.
2026-09-28 01:24:45 [INFO] [order_api] User 317 logged in successfully.
2026-09-28 01:24:55 [INFO] [auth_service] Order #12288 placed. Total: $431.08.
2026-09-28 01:25:20 [DEBUG] [payment_gateway] Cache hit for key 'session:8639'.
2026-09-28 01:25:26 [INFO] [user_service] Notification dispatched to user 579.
2026-09-28 01:25:51 [INFO] [notification_worker] Database connection acquired from pool.
2026-09-28 01:26:01 [INFO] [auth_service] User 609 logged in successfully.
2026-09-28 01:26:08 [INFO] [auth_service] Database connection acquired from pool.
2026-09-28 01:26:52 [DEBUG] [order_api] Connection pool active connections: 41.
2026-09-28 01:27:04 [INFO] [db_pool] Notification dispatched to user 576.
2026-09-28 01:27:29 [INFO] [order_api] Order #70039 placed. Total: $429.60.
2026-09-28 01:28:03 [ERROR] [db_pool] FileNotFoundError: Template /app/templates/receipt.html not found.
2026-09-28 01:28:27 [INFO] [user_service] Notification dispatched to user 952.
2026-09-28 01:28:49 [WARNING] [order_api] Rate limit threshold reached for IP 192.168.1.10.
2026-09-28 01:29:17 [INFO] [auth_service] Notification dispatched to user 199.
2026-09-28 01:29:37 [INFO] [order_api] Notification dispatched to user 760.
2026-09-28 01:29:47 [INFO] [user_service] Order #82892 placed. Total: $205.11.
2026-09-28 01:30:28 [INFO] [notification_worker] Database connection acquired from pool.
2026-09-28 01:31:00 [INFO] [db_pool] User 815 logged in successfully.
2026-09-28 01:31:19 [INFO] [db_pool] Notification dispatched to user 938.
2026-09-28 01:31:26 [INFO] [auth_service] Notification dispatched to user 955.
2026-09-28 01:31:49 [WARNING] [user_service] Deprecated API endpoint accessed: /v1/checkout.
2026-09-28 01:32:28 [INFO] [user_service] User 792 logged in successfully.
2026-09-28 01:33:05 [INFO] [payment_gateway] User 953 logged in successfully.
2026-09-28 01:33:50 [ERROR] [auth_service] DatabaseConnectionError: Failed to connect to host db-replica-1:5432.
2026-09-28 01:34:30 [CRITICAL] [order_api] ServiceUnavailable: Downstream auth cluster unreachable.
2026-09-28 01:34:41 [ERROR] [notification_worker] DatabaseConnectionError: Failed to connect to host db-replica-1:5432.
2026-09-28 01:35:16 [INFO] [notification_worker] User 499 logged in successfully.
2026-09-28 01:35:44 [ERROR] [order_api] IntegrityError: Duplicate key value violates unique constraint 'users_email_key'.
2026-09-28 01:35:48 [DEBUG] [order_api] Executing query: SELECT * FROM users WHERE id = 729;
2026-09-28 01:36:15 [ERROR] [payment_gateway] PaymentGatewayTimeout: Stripe API call exceeded 5000ms threshold.
2026-09-28 01:36:33 [WARNING] [user_service] High memory consumption detected: 86% used.
2026-09-28 01:37:06 [INFO] [db_pool] Health check probe passed in 663ms.
2026-09-28 01:37:27 [INFO] [user_service] Notification dispatched to user 583.
2026-09-28 01:37:47 [INFO] [auth_service] Token refreshed for session 4100.
2026-09-28 01:38:03 [DEBUG] [notification_worker] Connection pool active connections: 48.
2026-09-28 01:38:31 [DEBUG] [user_service] Cache hit for key 'session:1477'.
2026-09-28 01:38:58 [WARNING] [auth_service] Deprecated API endpoint accessed: /v1/checkout.
2026-09-28 01:39:31 [DEBUG] [order_api] Connection pool active connections: 43.
2026-09-28 01:40:08 [WARNING] [order_api] High memory consumption detected: 90% used.
2026-09-28 01:40:46 [INFO] [order_api] Token refreshed for session 9209.
2026-09-28 01:41:03 [INFO] [db_pool] Token refreshed for session 1485.
2026-09-28 01:41:25 [WARNING] [db_pool] Rate limit threshold reached for IP 192.168.1.174.
2026-09-28 01:42:07 [INFO] [payment_gateway] Database connection acquired from pool.
2026-09-28 01:42:37 [INFO] [user_service] Notification dispatched to user 267.
2026-09-28 01:43:14 [INFO] [notification_worker] Token refreshed for session 1571.
2026-09-28 01:43:26 [INFO] [db_pool] Notification dispatched to user 127.
2026-09-28 01:43:35 [WARNING] [user_service] Slow query detected: 1768ms execution time.
2026-09-28 01:43:56 [INFO] [user_service] Health check probe passed in 1745ms.
2026-09-28 01:43:58 [DEBUG] [user_service] Cache hit for key 'session:7791'.
2026-09-28 01:44:01 [INFO] [payment_gateway] Database connection acquired from pool.
2026-09-28 01:44:04 [DEBUG] [payment_gateway] Connection pool active connections: 39.
2026-09-28 01:44:26 [DEBUG] [notification_worker] Executing query: SELECT * FROM users WHERE id = 849;
2026-09-28 01:44:56 [INFO] [user_service] Database connection acquired from pool.
2026-09-28 01:45:31 [INFO] [auth_service] Database connection acquired from pool.
2026-09-28 01:45:38 [INFO] [payment_gateway] User 102 logged in successfully.
2026-09-28 01:45:54 [INFO] [order_api] User 850 logged in successfully.
2026-09-28 01:46:37 [DEBUG] [user_service] Cache hit for key 'session:2274'.
2026-09-28 01:47:20 [WARNING] [db_pool] Rate limit threshold reached for IP 192.168.1.52.
2026-09-28 01:47:59 [INFO] [auth_service] Token refreshed for session 7404.
2026-09-28 01:48:25 [DEBUG] [order_api] Cache hit for key 'session:3912'.
2026-09-28 01:48:56 [DEBUG] [db_pool] Executing query: SELECT * FROM users WHERE id = 916;
2026-09-28 01:49:27 [INFO] [payment_gateway] Notification dispatched to user 988.
2026-09-28 01:49:57 [INFO] [payment_gateway] Database connection acquired from pool.
2026-09-28 01:49:58 [INFO] [payment_gateway] Order #31685 placed. Total: $408.62.
2026-09-28 01:50:19 [INFO] [notification_worker] User 739 logged in successfully.
2026-09-28 01:50:57 [CRITICAL] [order_api] ServiceUnavailable: Downstream auth cluster unreachable.
2026-09-28 01:51:28 [INFO] [order_api] User 502 logged in successfully.
2026-09-28 01:51:54 [INFO] [auth_service] Notification dispatched to user 445.
2026-09-28 01:51:56 [ERROR] [order_api] DatabaseConnectionError: Failed to connect to host db-replica-1:5432.
2026-09-28 01:52:25 [WARNING] [payment_gateway] Rate limit threshold reached for IP 192.168.1.145.
2026-09-28 01:52:50 [WARNING] [user_service] Rate limit threshold reached for IP 192.168.1.82.
2026-09-28 01:53:27 [INFO] [user_service] Notification dispatched to user 602.
2026-09-28 01:53:33 [WARNING] [notification_worker] Deprecated API endpoint accessed: /v1/checkout.
2026-09-28 01:54:16 [ERROR] [payment_gateway] AuthenticationFailed: Invalid JWT signature for user 127.
2026-09-28 01:54:59 [INFO] [auth_service] Order #66508 placed. Total: $37.31.
2026-09-28 01:55:30 [WARNING] [notification_worker] Deprecated API endpoint accessed: /v1/checkout.
2026-09-28 01:56:04 [INFO] [user_service] Database connection acquired from pool.
2026-09-28 01:56:11 [INFO] [notification_worker] Order #16567 placed. Total: $262.61.
2026-09-28 01:56:34 [INFO] [user_service] Database connection acquired from pool.
2026-09-28 01:56:56 [INFO] [notification_worker] Health check probe passed in 532ms.
2026-09-28 01:57:28 [DEBUG] [db_pool] Executing query: SELECT * FROM users WHERE id = 483;
2026-09-28 01:58:05 [INFO] [user_service] Order #29428 placed. Total: $390.12.
2026-09-28 01:58:32 [WARNING] [user_service] Deprecated API endpoint accessed: /v1/checkout.
2026-09-28 01:58:50 [DEBUG] [order_api] Payload verification completed for request #61185.
2026-09-28 01:59:18 [INFO] [notification_worker] Token refreshed for session 7568.
2026-09-28 01:59:42 [INFO] [payment_gateway] Token refreshed for session 2280.
2026-09-28 02:00:00 [INFO] [order_api] Health check probe passed in 1231ms.
2026-09-28 02:00:15 [INFO] [user_service] Order #85728 placed. Total: $417.24.
2026-09-28 02:00:32 [INFO] [user_service] Token refreshed for session 7564.
2026-09-28 02:01:11 [INFO] [db_pool] Order #65538 placed. Total: $173.00.
2026-09-28 02:01:15 [WARNING] [auth_service] Slow query detected: 1459ms execution time.
2026-09-28 02:01:20 [INFO] [order_api] Token refreshed for session 8990.
2026-09-28 02:02:03 [INFO] [notification_worker] Database connection acquired from pool.
2026-09-28 02:02:37 [DEBUG] [notification_worker] Executing query: SELECT * FROM users WHERE id = 404;
2026-09-28 02:02:58 [INFO] [notification_worker] Order #46169 placed. Total: $175.79.
2026-09-28 02:03:41 [INFO] [payment_gateway] User 166 logged in successfully.
2026-09-28 02:03:52 [WARNING] [payment_gateway] High memory consumption detected: 98% used.
2026-09-28 02:04:13 [DEBUG] [user_service] Payload verification completed for request #91230.
2026-09-28 02:04:53 [INFO] [payment_gateway] Health check probe passed in 1488ms.
2026-09-28 02:05:06 [INFO] [auth_service] Order #65803 placed. Total: $121.81.
2026-09-28 02:05:29 [INFO] [notification_worker] Order #22917 placed. Total: $294.91.
2026-09-28 02:05:40 [DEBUG] [payment_gateway] Cache hit for key 'session:1464'.
2026-09-28 02:06:17 [INFO] [db_pool] User 568 logged in successfully.
2026-09-28 02:07:02 [ERROR] [db_pool] KeyError: 'user_id' not found in incoming request payload.
2026-09-28 02:07:14 [DEBUG] [db_pool] Payload verification completed for request #51126.
2026-09-28 02:07:22 [WARNING] [payment_gateway] Rate limit threshold reached for IP 192.168.1.9.
2026-09-28 02:07:37 [CRITICAL] [payment_gateway] ServiceUnavailable: Downstream auth cluster unreachable.
2026-09-28 02:07:58 [INFO] [order_api] Token refreshed for session 8125.
2026-09-28 02:08:26 [INFO] [notification_worker] Notification dispatched to user 752.
2026-09-28 02:08:28 [WARNING] [user_service] Rate limit threshold reached for IP 192.168.1.71.
2026-09-28 02:08:32 [WARNING] [payment_gateway] High memory consumption detected: 88% used.
2026-09-28 02:08:35 [INFO] [notification_worker] Order #74367 placed. Total: $451.74.
2026-09-28 02:08:51 [ERROR] [db_pool] FileNotFoundError: Template /app/templates/receipt.html not found.
2026-09-28 02:09:20 [INFO] [user_service] Token refreshed for session 9209.
2026-09-28 02:09:41 [WARNING] [auth_service] Rate limit threshold reached for IP 192.168.1.188.
2026-09-28 02:10:05 [INFO] [db_pool] Notification dispatched to user 344.
2026-09-28 02:10:11 [INFO] [user_service] Order #45434 placed. Total: $362.63.
2026-09-28 02:10:16 [INFO] [db_pool] Order #96000 placed. Total: $48.64.
2026-09-28 02:10:27 [INFO] [user_service] Order #89136 placed. Total: $239.67.
2026-09-28 02:11:01 [INFO] [notification_worker] Token refreshed for session 6719.
2026-09-28 02:11:21 [INFO] [auth_service] User 333 logged in successfully.
2026-09-28 02:11:26 [DEBUG] [notification_worker] Payload verification completed for request #55796.
2026-09-28 02:12:09 [WARNING] [notification_worker] Rate limit threshold reached for IP 192.168.1.136.
2026-09-28 02:12:28 [INFO] [payment_gateway] Database connection acquired from pool.
2026-09-28 02:13:05 [DEBUG] [notification_worker] Executing query: SELECT * FROM users WHERE id = 818;
2026-09-28 02:13:22 [INFO] [notification_worker] Order #73713 placed. Total: $238.71.
2026-09-28 02:13:33 [INFO] [payment_gateway] Database connection acquired from pool.
2026-09-28 02:13:49 [INFO] [order_api] User 136 logged in successfully.
2026-09-28 02:14:18 [DEBUG] [user_service] Cache hit for key 'session:5287'.
2026-09-28 02:14:42 [INFO] [auth_service] Database connection acquired from pool.
2026-09-28 02:15:05 [WARNING] [auth_service] Slow query detected: 2099ms execution time.
2026-09-28 02:15:10 [DEBUG] [user_service] Cache hit for key 'session:1105'.
2026-09-28 02:15:18 [INFO] [db_pool] Health check probe passed in 2362ms.
2026-09-28 02:15:22 [INFO] [db_pool] Token refreshed for session 4058.
2026-09-28 02:15:25 [WARNING] [order_api] Deprecated API endpoint accessed: /v1/checkout.
2026-09-28 02:15:48 [INFO] [db_pool] Notification dispatched to user 396.
2026-09-28 02:16:32 [INFO] [order_api] Order #46193 placed. Total: $195.57.
2026-09-28 02:17:17 [DEBUG] [db_pool] Cache hit for key 'session:1517'.
2026-09-28 02:17:30 [DEBUG] [order_api] Payload verification completed for request #86687.
2026-09-28 02:18:10 [DEBUG] [notification_worker] Payload verification completed for request #59358.
2026-09-28 02:18:14 [ERROR] [auth_service] AuthenticationFailed: Invalid JWT signature for user 525.
2026-09-28 02:18:31 [INFO] [db_pool] Database connection acquired from pool.
2026-09-28 02:18:41 [INFO] [user_service] Database connection acquired from pool.
2026-09-28 02:19:24 [INFO] [user_service] Database connection acquired from pool.
2026-09-28 02:19:53 [INFO] [payment_gateway] Notification dispatched to user 188.
2026-09-28 02:20:27 [DEBUG] [db_pool] Executing query: SELECT * FROM users WHERE id = 167;
2026-09-28 02:20:29 [INFO] [payment_gateway] Token refreshed for session 5686.
2026-09-28 02:20:49 [INFO] [payment_gateway] Database connection acquired from pool.
2026-09-28 02:20:52 [DEBUG] [notification_worker] Executing query: SELECT * FROM users WHERE id = 653;
2026-09-28 02:21:22 [WARNING] [auth_service] Deprecated API endpoint accessed: /v1/checkout.
2026-09-28 02:21:44 [DEBUG] [auth_service] Executing query: SELECT * FROM users WHERE id = 997;
2026-09-28 02:22:27 [INFO] [db_pool] User 374 logged in successfully.
2026-09-28 02:22:47 [INFO] [order_api] User 559 logged in successfully.
2026-09-28 02:22:56 [WARNING] [notification_worker] Rate limit threshold reached for IP 192.168.1.27.
2026-09-28 02:23:00 [ERROR] [auth_service] DatabaseConnectionError: Failed to connect to host db-replica-1:5432.
2026-09-28 02:23:32 [DEBUG] [order_api] Cache hit for key 'session:3859'.
2026-09-28 02:24:06 [INFO] [order_api] Token refreshed for session 9806.
2026-09-28 02:24:24 [ERROR] [auth_service] DatabaseConnectionError: Failed to connect to host db-replica-1:5432.
2026-09-28 02:24:57 [INFO] [db_pool] Token refreshed for session 6706.
2026-09-28 02:25:41 [INFO] [auth_service] Token refreshed for session 8740.
2026-09-28 02:26:22 [INFO] [user_service] Database connection acquired from pool.
2026-09-28 02:26:59 [ERROR] [user_service] AuthenticationFailed: Invalid JWT signature for user 117.
2026-09-28 02:27:34 [INFO] [payment_gateway] Database connection acquired from pool.
2026-09-28 02:27:49 [DEBUG] [order_api] Payload verification completed for request #52670.
2026-09-28 02:28:34 [INFO] [auth_service] Order #40508 placed. Total: $495.37.
2026-09-28 02:29:09 [INFO] [notification_worker] Notification dispatched to user 337.
2026-09-28 02:29:26 [DEBUG] [notification_worker] Cache hit for key 'session:4759'.
2026-09-28 02:29:31 [INFO] [notification_worker] Health check probe passed in 343ms.
2026-09-28 02:29:45 [DEBUG] [order_api] Cache hit for key 'session:5994'.
2026-09-28 02:29:46 [WARNING] [user_service] High memory consumption detected: 95% used.
2026-09-28 02:29:48 [ERROR] [payment_gateway] FileNotFoundError: Template /app/templates/receipt.html not found.
2026-09-28 02:29:52 [INFO] [auth_service] User 404 logged in successfully.
2026-09-28 02:30:35 [INFO] [auth_service] Notification dispatched to user 992.
2026-09-28 02:31:06 [INFO] [notification_worker] Database connection acquired from pool.
2026-09-28 02:31:25 [INFO] [order_api] Health check probe passed in 993ms.
2026-09-28 02:31:28 [DEBUG] [db_pool] Payload verification completed for request #50681.
2026-09-28 02:31:57 [INFO] [payment_gateway] Notification dispatched to user 219.
2026-09-28 02:32:27 [INFO] [order_api] Token refreshed for session 7114.
2026-09-28 02:32:45 [DEBUG] [db_pool] Payload verification completed for request #89420.
2026-09-28 02:33:27 [INFO] [notification_worker] Notification dispatched to user 404.
2026-09-28 02:33:49 [INFO] [payment_gateway] Notification dispatched to user 516.
2026-09-28 02:34:26 [DEBUG] [user_service] Cache hit for key 'session:1220'.
2026-09-28 02:35:10 [INFO] [order_api] Token refreshed for session 7392.
2026-09-28 02:35:52 [INFO] [notification_worker] Token refreshed for session 5242.
2026-09-28 02:36:34 [INFO] [order_api] Database connection acquired from pool.
2026-09-28 02:36:40 [DEBUG] [auth_service] Payload verification completed for request #78947.
2026-09-28 02:37:07 [DEBUG] [db_pool] Payload verification completed for request #74220.
2026-09-28 02:37:28 [DEBUG] [user_service] Cache hit for key 'session:9323'.
2026-09-28 02:38:01 [DEBUG] [notification_worker] Executing query: SELECT * FROM users WHERE id = 823;
2026-09-28 02:38:12 [INFO] [auth_service] Database connection acquired from pool.
2026-09-28 02:38:44 [INFO] [notification_worker] Database connection acquired from pool.
2026-09-28 02:38:59 [INFO] [user_service] Token refreshed for session 4818.
2026-09-28 02:39:31 [DEBUG] [auth_service] Connection pool active connections: 14.
2026-09-28 02:39:45 [WARNING] [auth_service] High memory consumption detected: 94% used.
2026-09-28 02:40:00 [INFO] [payment_gateway] Health check probe passed in 1209ms.
2026-09-28 02:40:37 [WARNING] [user_service] Slow query detected: 1900ms execution time.
2026-09-28 02:41:04 [INFO] [notification_worker] Notification dispatched to user 958.
2026-09-28 02:41:33 [ERROR] [payment_gateway] AuthenticationFailed: Invalid JWT signature for user 123.
2026-09-28 02:41:50 [INFO] [auth_service] Notification dispatched to user 109.
2026-09-28 02:42:06 [DEBUG] [auth_service] Cache hit for key 'session:2207'.
2026-09-28 02:42:08 [ERROR] [db_pool] IntegrityError: Duplicate key value violates unique constraint 'users_email_key'.
2026-09-28 02:42:41 [ERROR] [user_service] FileNotFoundError: Template /app/templates/receipt.html not found.
2026-09-28 02:42:47 [WARNING] [db_pool] High memory consumption detected: 90% used.
2026-09-28 02:42:50 [INFO] [db_pool] Order #64799 placed. Total: $83.65.
2026-09-28 02:43:21 [INFO] [auth_service] Token refreshed for session 1431.
2026-09-28 02:43:30 [DEBUG] [auth_service] Executing query: SELECT * FROM users WHERE id = 582;
2026-09-28 02:43:47 [INFO] [order_api] Health check probe passed in 1462ms.
2026-09-28 02:43:52 [INFO] [db_pool] Order #42218 placed. Total: $127.17.
2026-09-28 02:44:06 [INFO] [payment_gateway] Health check probe passed in 970ms.
2026-09-28 02:44:39 [INFO] [order_api] Notification dispatched to user 401.
2026-09-28 02:45:03 [INFO] [order_api] Order #81575 placed. Total: $61.64.
2026-09-28 02:45:24 [DEBUG] [db_pool] Payload verification completed for request #52500.
2026-09-28 02:46:01 [DEBUG] [db_pool] Connection pool active connections: 10.
2026-09-28 02:46:16 [WARNING] [db_pool] Slow query detected: 1063ms execution time.
2026-09-28 02:46:20 [INFO] [payment_gateway] Health check probe passed in 1930ms.
2026-09-28 02:46:49 [DEBUG] [auth_service] Cache hit for key 'session:3619'.
2026-09-28 02:47:25 [INFO] [db_pool] Health check probe passed in 182ms.
2026-09-28 02:47:34 [INFO] [notification_worker] Order #81405 placed. Total: $410.63.
2026-09-28 02:48:04 [WARNING] [notification_worker] High memory consumption detected: 93% used.
2026-09-28 02:48:47 [INFO] [user_service] Database connection acquired from pool.
2026-09-28 02:49:10 [INFO] [auth_service] User 758 logged in successfully.
2026-09-28 02:49:18 [ERROR] [db_pool] FileNotFoundError: Template /app/templates/receipt.html not found.
2026-09-28 02:49:48 [DEBUG] [order_api] Connection pool active connections: 37.
2026-09-28 02:50:29 [WARNING] [user_service] Slow query detected: 1486ms execution time.
2026-09-28 02:50:44 [INFO] [db_pool] Database connection acquired from pool.
2026-09-28 02:51:22 [WARNING] [db_pool] Rate limit threshold reached for IP 192.168.1.207.
2026-09-28 02:51:42 [ERROR] [db_pool] IntegrityError: Duplicate key value violates unique constraint 'users_email_key'.
2026-09-28 02:51:49 [INFO] [auth_service] Database connection acquired from pool.
2026-09-28 02:52:05 [INFO] [db_pool] Token refreshed for session 7576.
2026-09-28 02:52:17 [INFO] [auth_service] Health check probe passed in 873ms.
2026-09-28 02:52:21 [INFO] [notification_worker] Notification dispatched to user 225.
2026-09-28 02:53:01 [CRITICAL] [auth_service] DeadlockDetected: Transaction aborted on table 'orders'.
2026-09-28 02:53:09 [INFO] [payment_gateway] User 904 logged in successfully.
2026-09-28 02:53:11 [INFO] [db_pool] Health check probe passed in 2202ms.
2026-09-28 02:53:38 [INFO] [notification_worker] Health check probe passed in 2215ms.
2026-09-28 02:54:03 [DEBUG] [db_pool] Payload verification completed for request #68991.
2026-09-28 02:54:26 [INFO] [auth_service] User 850 logged in successfully.
2026-09-28 02:54:45 [INFO] [auth_service] Database connection acquired from pool.
2026-09-28 02:54:56 [ERROR] [db_pool] AuthenticationFailed: Invalid JWT signature for user 723.
2026-09-28 02:55:21 [WARNING] [user_service] High memory consumption detected: 92% used.
2026-09-28 02:55:32 [INFO] [notification_worker] Database connection acquired from pool.
2026-09-28 02:55:38 [INFO] [user_service] Token refreshed for session 5075.
2026-09-28 02:56:04 [INFO] [user_service] Database connection acquired from pool.
2026-09-28 02:56:31 [INFO] [notification_worker] Database connection acquired from pool.
2026-09-28 02:57:08 [ERROR] [notification_worker] IntegrityError: Duplicate key value violates unique constraint 'users_email_key'.
2026-09-28 02:57:27 [ERROR] [db_pool] IntegrityError: Duplicate key value violates unique constraint 'users_email_key'.
2026-09-28 02:57:57 [WARNING] [order_api] High memory consumption detected: 96% used.
2026-09-28 02:57:59 [INFO] [payment_gateway] Notification dispatched to user 626.
2026-09-28 02:58:27 [WARNING] [auth_service] High memory consumption detected: 91% used.
2026-09-28 02:58:43 [INFO] [order_api] Database connection acquired from pool.
2026-09-28 02:58:57 [ERROR] [db_pool] AuthenticationFailed: Invalid JWT signature for user 454.
2026-09-28 02:59:09 [INFO] [auth_service] User 529 logged in successfully.
2026-09-28 02:59:26 [INFO] [payment_gateway] Database connection acquired from pool.
2026-09-28 02:59:59 [DEBUG] [db_pool] Payload verification completed for request #62680.
2026-09-28 03:00:05 [INFO] [auth_service] Health check probe passed in 1080ms.
2026-09-28 03:00:14 [DEBUG] [payment_gateway] Connection pool active connections: 23.
2026-09-28 03:00:25 [INFO] [order_api] Health check probe passed in 1315ms.
2026-09-28 03:00:55 [WARNING] [auth_service] High memory consumption detected: 94% used.
2026-09-28 03:01:24 [INFO] [payment_gateway] Health check probe passed in 1608ms.
2026-09-28 03:01:27 [INFO] [user_service] User 644 logged in successfully.
2026-09-28 03:01:43 [INFO] [notification_worker] Notification dispatched to user 860.
2026-09-28 03:01:46 [DEBUG] [db_pool] Payload verification completed for request #82106.
2026-09-28 03:02:14 [INFO] [notification_worker] Health check probe passed in 2399ms.
2026-09-28 03:02:40 [ERROR] [db_pool] KeyError: 'user_id' not found in incoming request payload.
2026-09-28 03:03:24 [WARNING] [order_api] Slow query detected: 1420ms execution time.
2026-09-28 03:03:49 [DEBUG] [user_service] Payload verification completed for request #64508.
2026-09-28 03:04:12 [INFO] [auth_service] Token refreshed for session 6681.
2026-09-28 03:04:41 [WARNING] [auth_service] Deprecated API endpoint accessed: /v1/checkout.
2026-09-28 03:04:50 [DEBUG] [notification_worker] Executing query: SELECT * FROM users WHERE id = 876;
2026-09-28 03:05:01 [INFO] [auth_service] Database connection acquired from pool.
2026-09-28 03:05:31 [INFO] [auth_service] Notification dispatched to user 253.
2026-09-28 03:06:16 [INFO] [notification_worker] Notification dispatched to user 639.
2026-09-28 03:06:28 [INFO] [user_service] Database connection acquired from pool.
2026-09-28 03:07:11 [WARNING] [payment_gateway] Slow query detected: 363ms execution time.
2026-09-28 03:07:54 [DEBUG] [payment_gateway] Payload verification completed for request #90135.
2026-09-28 03:08:28 [WARNING] [db_pool] Slow query detected: 1294ms execution time.
2026-09-28 03:08:54 [DEBUG] [db_pool] Cache hit for key 'session:3525'.
2026-09-28 03:09:13 [INFO] [payment_gateway] Database connection acquired from pool.
2026-09-28 03:09:46 [WARNING] [user_service] High memory consumption detected: 97% used.
2026-09-28 03:10:14 [INFO] [user_service] Token refreshed for session 5339.
2026-09-28 03:10:45 [INFO] [auth_service] User 394 logged in successfully.
2026-09-28 03:11:29 [INFO] [user_service] Order #20274 placed. Total: $38.02.
2026-09-28 03:12:00 [INFO] [user_service] Notification dispatched to user 145.
2026-09-28 03:12:12 [INFO] [db_pool] Health check probe passed in 860ms.
2026-09-28 03:12:34 [INFO] [db_pool] User 810 logged in successfully.
2026-09-28 03:12:36 [INFO] [order_api] Order #72850 placed. Total: $421.64.
2026-09-28 03:13:18 [DEBUG] [order_api] Cache hit for key 'session:2190'.
2026-09-28 03:13:34 [WARNING] [payment_gateway] Deprecated API endpoint accessed: /v1/checkout.
2026-09-28 03:13:53 [INFO] [order_api] Database connection acquired from pool.
2026-09-28 03:13:58 [INFO] [user_service] Database connection acquired from pool.
2026-09-28 03:14:13 [INFO] [db_pool] Database connection acquired from pool.
2026-09-28 03:14:54 [INFO] [notification_worker] Token refreshed for session 9452.
2026-09-28 03:15:15 [INFO] [user_service] Database connection acquired from pool.
2026-09-28 03:15:23 [CRITICAL] [user_service] DeadlockDetected: Transaction aborted on table 'orders'.
2026-09-28 03:15:57 [INFO] [auth_service] Health check probe passed in 1816ms.
2026-09-28 03:16:09 [DEBUG] [notification_worker] Executing query: SELECT * FROM users WHERE id = 261;
2026-09-28 03:16:42 [WARNING] [payment_gateway] Deprecated API endpoint accessed: /v1/checkout.
2026-09-28 03:16:54 [INFO] [order_api] Notification dispatched to user 911.
2026-09-28 03:16:58 [DEBUG] [db_pool] Executing query: SELECT * FROM users WHERE id = 371;
2026-09-28 03:17:15 [INFO] [auth_service] Order #99657 placed. Total: $303.47.
2026-09-28 03:17:41 [WARNING] [order_api] Slow query detected: 705ms execution time.
2026-09-28 03:17:56 [ERROR] [notification_worker] KeyError: 'user_id' not found in incoming request payload.
2026-09-28 03:18:00 [INFO] [auth_service] Order #35945 placed. Total: $377.40.
2026-09-28 03:18:21 [INFO] [notification_worker] Health check probe passed in 884ms.
2026-09-28 03:18:54 [INFO] [order_api] User 809 logged in successfully.
2026-09-28 03:19:27 [ERROR] [auth_service] AuthenticationFailed: Invalid JWT signature for user 284.
2026-09-28 03:19:49 [INFO] [auth_service] Order #54555 placed. Total: $362.27.
2026-09-28 03:20:16 [DEBUG] [user_service] Cache hit for key 'session:7595'.
2026-09-28 03:20:21 [INFO] [payment_gateway] User 347 logged in successfully.
2026-09-28 03:20:32 [INFO] [notification_worker] Notification dispatched to user 163.
2026-09-28 03:21:15 [INFO] [payment_gateway] Token refreshed for session 3952.
2026-09-28 03:21:36 [INFO] [order_api] Notification dispatched to user 729.
2026-09-28 03:22:10 [CRITICAL] [notification_worker] ServiceUnavailable: Downstream auth cluster unreachable.
2026-09-28 03:22:44 [INFO] [user_service] Token refreshed for session 3755.
2026-09-28 03:23:26 [DEBUG] [db_pool] Executing query: SELECT * FROM users WHERE id = 646;
2026-09-28 03:24:06 [ERROR] [notification_worker] KeyError: 'user_id' not found in incoming request payload.
2026-09-28 03:24:37 [INFO] [notification_worker] Notification dispatched to user 446.
2026-09-28 03:25:05 [INFO] [auth_service] Database connection acquired from pool.
2026-09-28 03:25:09 [INFO] [payment_gateway] Health check probe passed in 502ms.
2026-09-28 03:25:41 [INFO] [order_api] Health check probe passed in 1944ms.
2026-09-28 03:26:16 [INFO] [notification_worker] Database connection acquired from pool.
2026-09-28 03:26:50 [INFO] [payment_gateway] Notification dispatched to user 547.
2026-09-28 03:27:13 [INFO] [payment_gateway] Order #93499 placed. Total: $128.29.
2026-09-28 03:27:33 [WARNING] [auth_service] High memory consumption detected: 88% used.
2026-09-28 03:28:08 [INFO] [auth_service] Notification dispatched to user 271.
2026-09-28 03:28:28 [INFO] [payment_gateway] Database connection acquired from pool.
2026-09-28 03:28:52 [ERROR] [auth_service] AuthenticationFailed: Invalid JWT signature for user 607.
2026-09-28 03:28:55 [INFO] [auth_service] User 399 logged in successfully.
2026-09-28 03:29:38 [ERROR] [order_api] FileNotFoundError: Template /app/templates/receipt.html not found.
2026-09-28 03:29:59 [INFO] [auth_service] Database connection acquired from pool.
2026-09-28 03:30:31 [INFO] [notification_worker] Order #38504 placed. Total: $207.39.
2026-09-28 03:30:39 [INFO] [order_api] Order #82928 placed. Total: $156.97.
2026-09-28 03:31:07 [INFO] [db_pool] Notification dispatched to user 381.
2026-09-28 03:31:32 [DEBUG] [user_service] Cache hit for key 'session:2609'.
2026-09-28 03:31:57 [INFO] [user_service] Order #51692 placed. Total: $108.97.
2026-09-28 03:31:58 [ERROR] [auth_service] PaymentGatewayTimeout: Stripe API call exceeded 5000ms threshold.
2026-09-28 03:32:06 [DEBUG] [order_api] Payload verification completed for request #57787.
2026-09-28 03:32:30 [INFO] [notification_worker] Health check probe passed in 1769ms.
2026-09-28 03:32:41 [INFO] [db_pool] User 802 logged in successfully.
2026-09-28 03:33:20 [INFO] [notification_worker] Token refreshed for session 5222.
2026-09-28 03:33:35 [DEBUG] [auth_service] Cache hit for key 'session:4852'.
2026-09-28 03:33:55 [INFO] [order_api] Token refreshed for session 5445.
2026-09-28 03:34:37 [INFO] [order_api] Notification dispatched to user 544.
2026-09-28 03:35:14 [INFO] [auth_service] Token refreshed for session 6057.
2026-09-28 03:35:44 [INFO] [notification_worker] Notification dispatched to user 220.
2026-09-28 03:35:45 [WARNING] [user_service] Slow query detected: 648ms execution time.
2026-09-28 03:36:18 [INFO] [db_pool] Notification dispatched to user 558.
2026-09-28 03:36:32 [INFO] [payment_gateway] User 587 logged in successfully.
2026-09-28 03:37:16 [INFO] [user_service] Notification dispatched to user 472.
2026-09-28 03:37:37 [WARNING] [payment_gateway] Slow query detected: 820ms execution time.
2026-09-28 03:38:14 [INFO] [db_pool] Database connection acquired from pool.
2026-09-28 03:38:33 [ERROR] [user_service] FileNotFoundError: Template /app/templates/receipt.html not found.
2026-09-28 03:38:52 [CRITICAL] [notification_worker] ServiceUnavailable: Downstream auth cluster unreachable.
2026-09-28 03:39:14 [INFO] [user_service] Health check probe passed in 1674ms.
2026-09-28 03:39:40 [WARNING] [db_pool] High memory consumption detected: 92% used.
2026-09-28 03:40:18 [INFO] [notification_worker] User 675 logged in successfully.
2026-09-28 03:40:37 [INFO] [notification_worker] Token refreshed for session 7146.
2026-09-28 03:41:05 [INFO] [auth_service] Database connection acquired from pool.
2026-09-28 03:41:33 [INFO] [order_api] Health check probe passed in 971ms.
2026-09-28 03:42:00 [INFO] [notification_worker] Order #84729 placed. Total: $404.31.
2026-09-28 03:42:27 [INFO] [order_api] User 240 logged in successfully.
2026-09-28 03:42:45 [INFO] [db_pool] User 189 logged in successfully.
2026-09-28 03:42:47 [DEBUG] [db_pool] Connection pool active connections: 7.
2026-09-28 03:43:10 [INFO] [user_service] Notification dispatched to user 773.
2026-09-28 03:43:49 [INFO] [user_service] Health check probe passed in 920ms.
2026-09-28 03:44:14 [INFO] [payment_gateway] Notification dispatched to user 376.
2026-09-28 03:44:33 [INFO] [order_api] Notification dispatched to user 879.
2026-09-28 03:44:49 [INFO] [payment_gateway] User 257 logged in successfully.
2026-09-28 03:45:31 [DEBUG] [auth_service] Cache hit for key 'session:1773'.
2026-09-28 03:46:03 [INFO] [payment_gateway] Notification dispatched to user 982.
2026-09-28 03:46:05 [INFO] [db_pool] Token refreshed for session 1748.
2026-09-28 03:46:41 [INFO] [order_api] Database connection acquired from pool.
2026-09-28 03:46:50 [DEBUG] [payment_gateway] Executing query: SELECT * FROM users WHERE id = 274;
2026-09-28 03:47:06 [WARNING] [payment_gateway] High memory consumption detected: 97% used.
2026-09-28 03:47:20 [INFO] [payment_gateway] Notification dispatched to user 233.
2026-09-28 03:48:04 [INFO] [payment_gateway] Token refreshed for session 1834.
2026-09-28 03:48:46 [INFO] [db_pool] User 406 logged in successfully.
2026-09-28 03:49:08 [INFO] [payment_gateway] Database connection acquired from pool.
2026-09-28 03:49:15 [DEBUG] [user_service] Connection pool active connections: 14.
2026-09-28 03:49:54 [DEBUG] [order_api] Cache hit for key 'session:1445'.
2026-09-28 03:50:37 [WARNING] [user_service] Rate limit threshold reached for IP 192.168.1.182.
2026-09-28 03:50:42 [INFO] [auth_service] Order #36329 placed. Total: $353.63.
2026-09-28 03:51:03 [INFO] [user_service] User 199 logged in successfully.
2026-09-28 03:51:41 [INFO] [user_service] User 168 logged in successfully.
2026-09-28 03:51:52 [INFO] [order_api] Order #58153 placed. Total: $186.27.
2026-09-28 03:52:09 [INFO] [db_pool] Health check probe passed in 1014ms.
2026-09-28 03:52:22 [ERROR] [payment_gateway] DatabaseConnectionError: Failed to connect to host db-replica-1:5432.
2026-09-28 03:52:55 [ERROR] [payment_gateway] DatabaseConnectionError: Failed to connect to host db-replica-1:5432.
2026-09-28 03:53:17 [INFO] [db_pool] Order #80864 placed. Total: $269.34.
2026-09-28 03:53:42 [INFO] [payment_gateway] Token refreshed for session 6103.
2026-09-28 03:54:24 [WARNING] [auth_service] Rate limit threshold reached for IP 192.168.1.58.
2026-09-28 03:55:03 [INFO] [user_service] Order #43994 placed. Total: $252.00.
2026-09-28 03:55:20 [DEBUG] [user_service] Cache hit for key 'session:6264'.
2026-09-28 03:55:44 [INFO] [notification_worker] Health check probe passed in 1266ms.
2026-09-28 03:56:08 [INFO] [user_service] Health check probe passed in 1517ms.
2026-09-28 03:56:51 [INFO] [user_service] Notification dispatched to user 453.
2026-09-28 03:57:29 [INFO] [auth_service] Health check probe passed in 1350ms.
2026-09-28 03:58:06 [INFO] [order_api] Order #71313 placed. Total: $164.45.
2026-09-28 03:58:26 [INFO] [user_service] User 432 logged in successfully.
2026-09-28 03:58:48 [DEBUG] [db_pool] Cache hit for key 'session:2583'.
2026-09-28 03:59:15 [INFO] [payment_gateway] Notification dispatched to user 264.
2026-09-28 03:59:28 [INFO] [notification_worker] Health check probe passed in 763ms.
2026-09-28 04:00:13 [WARNING] [order_api] High memory consumption detected: 89% used.
2026-09-28 04:00:21 [INFO] [db_pool] Order #71764 placed. Total: $13.56.
2026-09-28 04:01:05 [INFO] [db_pool] User 769 logged in successfully.
2026-09-28 04:01:25 [INFO] [user_service] Notification dispatched to user 861.
2026-09-28 04:02:00 [INFO] [payment_gateway] Token refreshed for session 5805.
2026-09-28 04:02:41 [INFO] [payment_gateway] Order #91811 placed. Total: $129.41.
2026-09-28 04:03:18 [DEBUG] [user_service] Executing query: SELECT * FROM users WHERE id = 236;
2026-09-28 04:03:32 [INFO] [order_api] Order #98780 placed. Total: $177.90.
2026-09-28 04:03:35 [ERROR] [db_pool] DatabaseConnectionError: Failed to connect to host db-replica-1:5432.
2026-09-28 04:03:45 [CRITICAL] [auth_service] OutOfMemoryError: Container worker-2 killed by OOM killer.
2026-09-28 04:04:00 [INFO] [payment_gateway] Notification dispatched to user 321.
2026-09-28 04:04:33 [INFO] [payment_gateway] Notification dispatched to user 787.
2026-09-28 04:04:35 [WARNING] [db_pool] Deprecated API endpoint accessed: /v1/checkout.
2026-09-28 04:05:12 [INFO] [user_service] User 258 logged in successfully.
2026-09-28 04:05:26 [INFO] [db_pool] User 145 logged in successfully.
2026-09-28 04:05:51 [INFO] [order_api] Order #21548 placed. Total: $141.89.
2026-09-28 04:06:13 [WARNING] [payment_gateway] Slow query detected: 1434ms execution time.
2026-09-28 04:06:52 [WARNING] [notification_worker] High memory consumption detected: 82% used.
2026-09-28 04:07:21 [WARNING] [payment_gateway] Slow query detected: 1155ms execution time.
2026-09-28 04:07:52 [INFO] [user_service] User 749 logged in successfully.
2026-09-28 04:08:05 [INFO] [db_pool] Database connection acquired from pool.
2026-09-28 04:08:09 [INFO] [auth_service] Order #94544 placed. Total: $310.27.
2026-09-28 04:08:29 [INFO] [db_pool] Database connection acquired from pool.
2026-09-28 04:08:42 [CRITICAL] [user_service] OutOfMemoryError: Container worker-2 killed by OOM killer.
2026-09-28 04:09:23 [INFO] [user_service] User 424 logged in successfully.
2026-09-28 04:09:31 [INFO] [db_pool] Notification dispatched to user 833.
2026-09-28 04:09:42 [INFO] [notification_worker] Notification dispatched to user 905.
2026-09-28 04:10:02 [WARNING] [payment_gateway] High memory consumption detected: 95% used.
2026-09-28 04:10:39 [INFO] [user_service] Notification dispatched to user 130.
2026-09-28 04:10:50 [INFO] [user_service] Token refreshed for session 3914.
2026-09-28 04:10:59 [DEBUG] [auth_service] Connection pool active connections: 49.
2026-09-28 04:11:17 [INFO] [notification_worker] Token refreshed for session 9734.
2026-09-28 04:11:35 [ERROR] [order_api] AuthenticationFailed: Invalid JWT signature for user 915.
2026-09-28 04:11:54 [INFO] [user_service] Database connection acquired from pool.
2026-09-28 04:12:14 [CRITICAL] [order_api] DeadlockDetected: Transaction aborted on table 'orders'.
2026-09-28 04:12:52 [DEBUG] [payment_gateway] Payload verification completed for request #72401.
2026-09-28 04:13:10 [INFO] [auth_service] Database connection acquired from pool.
2026-09-28 04:13:14 [ERROR] [notification_worker] AuthenticationFailed: Invalid JWT signature for user 498.
2026-09-28 04:13:18 [WARNING] [user_service] High memory consumption detected: 91% used.
2026-09-28 04:13:46 [INFO] [db_pool] Database connection acquired from pool.
2026-09-28 04:14:00 [INFO] [payment_gateway] Notification dispatched to user 672.
2026-09-28 04:14:34 [ERROR] [notification_worker] DatabaseConnectionError: Failed to connect to host db-replica-1:5432.
2026-09-28 04:15:11 [INFO] [db_pool] Token refreshed for session 2138.
2026-09-28 04:15:30 [WARNING] [user_service] High memory consumption detected: 87% used.
2026-09-28 04:16:04 [INFO] [user_service] Order #98361 placed. Total: $183.84.
2026-09-28 04:16:41 [INFO] [order_api] Notification dispatched to user 287.
2026-09-28 04:17:23 [INFO] [notification_worker] Token refreshed for session 7848.
2026-09-28 04:17:29 [INFO] [order_api] Notification dispatched to user 365.
2026-09-28 04:17:40 [WARNING] [auth_service] High memory consumption detected: 91% used.
2026-09-28 04:18:17 [DEBUG] [payment_gateway] Connection pool active connections: 23.
2026-09-28 04:18:28 [DEBUG] [db_pool] Connection pool active connections: 14.
2026-09-28 04:18:30 [INFO] [auth_service] Database connection acquired from pool.
2026-09-28 04:18:50 [INFO] [user_service] Notification dispatched to user 139.
2026-09-28 04:19:21 [ERROR] [payment_gateway] FileNotFoundError: Template /app/templates/receipt.html not found.
2026-09-28 04:19:25 [CRITICAL] [order_api] OutOfMemoryError: Container worker-2 killed by OOM killer.
2026-09-28 04:20:08 [ERROR] [auth_service] FileNotFoundError: Template /app/templates/receipt.html not found.
2026-09-28 04:20:45 [CRITICAL] [notification_worker] DeadlockDetected: Transaction aborted on table 'orders'.
2026-09-28 04:21:28 [INFO] [order_api] Order #70553 placed. Total: $356.05.
2026-09-28 04:21:47 [INFO] [user_service] User 455 logged in successfully.
2026-09-28 04:22:24 [INFO] [payment_gateway] Token refreshed for session 1368.
2026-09-28 04:22:41 [INFO] [notification_worker] Notification dispatched to user 974.
2026-09-28 04:23:11 [DEBUG] [notification_worker] Connection pool active connections: 25.
2026-09-28 04:23:48 [INFO] [notification_worker] Health check probe passed in 2082ms.
2026-09-28 04:24:32 [WARNING] [payment_gateway] Rate limit threshold reached for IP 192.168.1.251.
2026-09-28 04:24:51 [INFO] [auth_service] Database connection acquired from pool.
2026-09-28 04:25:31 [WARNING] [db_pool] Rate limit threshold reached for IP 192.168.1.124.
2026-09-28 04:26:08 [INFO] [db_pool] Order #47959 placed. Total: $461.33.
2026-09-28 04:26:09 [INFO] [auth_service] Database connection acquired from pool.
2026-09-28 04:26:45 [INFO] [user_service] Health check probe passed in 2073ms.
2026-09-28 04:26:47 [INFO] [db_pool] Order #94721 placed. Total: $397.13.
2026-09-28 04:27:07 [WARNING] [order_api] High memory consumption detected: 98% used.
2026-09-28 04:27:47 [INFO] [order_api] Order #46350 placed. Total: $195.51.
2026-09-28 04:28:19 [WARNING] [notification_worker] Deprecated API endpoint accessed: /v1/checkout.
2026-09-28 04:28:29 [INFO] [payment_gateway] Token refreshed for session 9873.
2026-09-28 04:28:46 [INFO] [notification_worker] Database connection acquired from pool.
2026-09-28 04:29:08 [INFO] [db_pool] Database connection acquired from pool.
2026-09-28 04:29:11 [ERROR] [db_pool] DatabaseConnectionError: Failed to connect to host db-replica-1:5432.
2026-09-28 04:29:16 [INFO] [notification_worker] Notification dispatched to user 464.
2026-09-28 04:29:30 [INFO] [auth_service] Notification dispatched to user 578.
2026-09-28 04:29:47 [DEBUG] [db_pool] Payload verification completed for request #75202.
2026-09-28 04:30:27 [INFO] [user_service] Order #40521 placed. Total: $264.16.
2026-09-28 04:31:12 [INFO] [order_api] Database connection acquired from pool.
2026-09-28 04:31:31 [INFO] [db_pool] Health check probe passed in 1196ms.
2026-09-28 04:32:07 [INFO] [user_service] Health check probe passed in 1631ms.
2026-09-28 04:32:44 [INFO] [db_pool] Notification dispatched to user 599.
2026-09-28 04:33:14 [INFO] [payment_gateway] Notification dispatched to user 808.
2026-09-28 04:33:52 [INFO] [payment_gateway] User 490 logged in successfully.
2026-09-28 04:34:16 [INFO] [auth_service] Database connection acquired from pool.
2026-09-28 04:34:19 [INFO] [payment_gateway] Database connection acquired from pool.
2026-09-28 04:34:40 [ERROR] [auth_service] IntegrityError: Duplicate key value violates unique constraint 'users_email_key'.
2026-09-28 04:35:15 [DEBUG] [notification_worker] Cache hit for key 'session:3692'.
2026-09-28 04:35:31 [INFO] [payment_gateway] Order #56494 placed. Total: $259.04.
2026-09-28 04:35:43 [ERROR] [auth_service] FileNotFoundError: Template /app/templates/receipt.html not found.
2026-09-28 04:35:45 [INFO] [db_pool] Database connection acquired from pool.
2026-09-28 04:35:54 [INFO] [user_service] Database connection acquired from pool.
2026-09-28 04:36:00 [INFO] [db_pool] Order #59104 placed. Total: $11.61.
2026-09-28 04:36:03 [INFO] [order_api] User 527 logged in successfully.
2026-09-28 04:36:07 [WARNING] [auth_service] Slow query detected: 901ms execution time.
2026-09-28 04:36:47 [DEBUG] [user_service] Executing query: SELECT * FROM users WHERE id = 390;
2026-09-28 04:37:01 [CRITICAL] [order_api] DeadlockDetected: Transaction aborted on table 'orders'.
2026-09-28 04:37:08 [INFO] [notification_worker] Order #29565 placed. Total: $110.48.
2026-09-28 04:37:36 [DEBUG] [user_service] Cache hit for key 'session:6975'.
2026-09-28 04:38:05 [INFO] [user_service] Database connection acquired from pool.
2026-09-28 04:38:42 [WARNING] [notification_worker] Rate limit threshold reached for IP 192.168.1.189.
2026-09-28 04:39:15 [INFO] [order_api] Token refreshed for session 8233.
2026-09-28 04:39:22 [DEBUG] [order_api] Payload verification completed for request #93380.
2026-09-28 04:39:53 [ERROR] [user_service] KeyError: 'user_id' not found in incoming request payload.
2026-09-28 04:40:13 [INFO] [user_service] Database connection acquired from pool.
2026-09-28 04:40:26 [INFO] [auth_service] Health check probe passed in 1764ms.
2026-09-28 04:40:33 [DEBUG] [order_api] Executing query: SELECT * FROM users WHERE id = 805;
2026-09-28 04:41:17 [WARNING] [auth_service] Deprecated API endpoint accessed: /v1/checkout.
2026-09-28 04:41:27 [INFO] [user_service] User 217 logged in successfully.
2026-09-28 04:41:58 [DEBUG] [auth_service] Connection pool active connections: 17.
2026-09-28 04:42:13 [CRITICAL] [db_pool] ServiceUnavailable: Downstream auth cluster unreachable.
2026-09-28 04:42:46 [WARNING] [db_pool] High memory consumption detected: 85% used.
2026-09-28 04:43:19 [INFO] [order_api] Token refreshed for session 7621.
2026-09-28 04:43:57 [WARNING] [db_pool] Deprecated API endpoint accessed: /v1/checkout.
2026-09-28 04:44:35 [INFO] [db_pool] Database connection acquired from pool.
2026-09-28 04:45:06 [INFO] [order_api] Notification dispatched to user 134.
2026-09-28 04:45:16 [DEBUG] [order_api] Executing query: SELECT * FROM users WHERE id = 690;
2026-09-28 04:45:31 [WARNING] [db_pool] Deprecated API endpoint accessed: /v1/checkout.
2026-09-28 04:45:46 [INFO] [user_service] Token refreshed for session 5373.
2026-09-28 04:46:03 [INFO] [auth_service] Database connection acquired from pool.
2026-09-28 04:46:41 [ERROR] [notification_worker] IntegrityError: Duplicate key value violates unique constraint 'users_email_key'.
2026-09-28 04:46:54 [WARNING] [notification_worker] High memory consumption detected: 95% used.
2026-09-28 04:46:59 [INFO] [notification_worker] User 696 logged in successfully.
2026-09-28 04:47:23 [INFO] [payment_gateway] Token refreshed for session 9720.
2026-09-28 04:47:37 [WARNING] [auth_service] Slow query detected: 1560ms execution time.
2026-09-28 04:47:55 [CRITICAL] [user_service] OutOfMemoryError: Container worker-2 killed by OOM killer.
2026-09-28 04:48:04 [INFO] [user_service] Order #73813 placed. Total: $18.19.
2026-09-28 04:48:16 [WARNING] [order_api] High memory consumption detected: 95% used.
2026-09-28 04:48:18 [INFO] [auth_service] Order #41296 placed. Total: $334.25.
2026-09-28 04:48:21 [INFO] [auth_service] User 578 logged in successfully.
2026-09-28 04:49:03 [ERROR] [payment_gateway] DatabaseConnectionError: Failed to connect to host db-replica-1:5432.
2026-09-28 04:49:47 [ERROR] [auth_service] KeyError: 'user_id' not found in incoming request payload.
2026-09-28 04:50:16 [INFO] [db_pool] Order #72802 placed. Total: $176.51.
2026-09-28 04:50:25 [DEBUG] [db_pool] Payload verification completed for request #67406.
2026-09-28 04:50:27 [ERROR] [payment_gateway] KeyError: 'user_id' not found in incoming request payload.
2026-09-28 04:50:29 [CRITICAL] [notification_worker] ServiceUnavailable: Downstream auth cluster unreachable.
2026-09-28 04:50:32 [DEBUG] [db_pool] Executing query: SELECT * FROM users WHERE id = 227;
2026-09-28 04:51:13 [INFO] [db_pool] User 356 logged in successfully.
2026-09-28 04:51:37 [DEBUG] [user_service] Cache hit for key 'session:8752'.
2026-09-28 04:51:41 [INFO] [payment_gateway] Token refreshed for session 1212.
2026-09-28 04:52:23 [INFO] [auth_service] User 319 logged in successfully.
2026-09-28 04:52:37 [INFO] [order_api] User 635 logged in successfully.
2026-09-28 04:52:46 [INFO] [auth_service] Token refreshed for session 6659.
2026-09-28 04:53:29 [DEBUG] [payment_gateway] Payload verification completed for request #78812.
2026-09-28 04:54:01 [ERROR] [notification_worker] AuthenticationFailed: Invalid JWT signature for user 641.
2026-09-28 04:54:21 [INFO] [db_pool] User 494 logged in successfully.
2026-09-28 04:54:31 [DEBUG] [payment_gateway] Cache hit for key 'session:9818'.
2026-09-28 04:54:32 [INFO] [payment_gateway] Health check probe passed in 2220ms.
2026-09-28 04:54:45 [INFO] [auth_service] Order #17581 placed. Total: $463.16.
2026-09-28 04:55:29 [INFO] [payment_gateway] Notification dispatched to user 908.
2026-09-28 04:55:40 [WARNING] [payment_gateway] Deprecated API endpoint accessed: /v1/checkout.
2026-09-28 04:55:44 [INFO] [db_pool] Database connection acquired from pool.
2026-09-28 04:56:08 [DEBUG] [order_api] Payload verification completed for request #84428.
2026-09-28 04:56:41 [WARNING] [db_pool] Slow query detected: 157ms execution time.
2026-09-28 04:57:26 [INFO] [order_api] Token refreshed for session 6156.
2026-09-28 04:58:02 [INFO] [auth_service] User 792 logged in successfully.
2026-09-28 04:58:10 [INFO] [db_pool] Notification dispatched to user 378.
2026-09-28 04:58:52 [INFO] [auth_service] User 758 logged in successfully.
2026-09-28 04:58:57 [ERROR] [payment_gateway] AuthenticationFailed: Invalid JWT signature for user 554.
2026-09-28 04:58:59 [INFO] [notification_worker] Health check probe passed in 748ms.
2026-09-28 04:59:19 [DEBUG] [order_api] Connection pool active connections: 14.
2026-09-28 04:59:57 [INFO] [order_api] Database connection acquired from pool.
2026-09-28 05:00:29 [DEBUG] [user_service] Cache hit for key 'session:6473'.
2026-09-28 05:01:11 [INFO] [db_pool] User 714 logged in successfully.
2026-09-28 05:01:21 [INFO] [notification_worker] Health check probe passed in 401ms.
2026-09-28 05:01:56 [DEBUG] [db_pool] Cache hit for key 'session:1515'.
2026-09-28 05:01:58 [ERROR] [notification_worker] FileNotFoundError: Template /app/templates/receipt.html not found.
2026-09-28 05:02:29 [INFO] [db_pool] User 972 logged in successfully.
2026-09-28 05:03:08 [INFO] [user_service] Health check probe passed in 710ms.
2026-09-28 05:03:49 [INFO] [order_api] Health check probe passed in 375ms.
2026-09-28 05:04:26 [INFO] [order_api] Health check probe passed in 1629ms.
2026-09-28 05:05:06 [DEBUG] [notification_worker] Executing query: SELECT * FROM users WHERE id = 664;
2026-09-28 05:05:22 [INFO] [db_pool] Token refreshed for session 2438.
2026-09-28 05:05:46 [ERROR] [db_pool] FileNotFoundError: Template /app/templates/receipt.html not found.
2026-09-28 05:06:21 [INFO] [db_pool] Database connection acquired from pool.
2026-09-28 05:07:03 [INFO] [db_pool] Database connection acquired from pool.
2026-09-28 05:07:06 [CRITICAL] [user_service] OutOfMemoryError: Container worker-2 killed by OOM killer.
2026-09-28 05:07:50 [CRITICAL] [payment_gateway] DeadlockDetected: Transaction aborted on table 'orders'.
2026-09-28 05:08:23 [INFO] [auth_service] Notification dispatched to user 422.
2026-09-28 05:09:03 [WARNING] [db_pool] Slow query detected: 2348ms execution time.
2026-09-28 05:09:09 [DEBUG] [order_api] Payload verification completed for request #75551.
2026-09-28 05:09:52 [INFO] [user_service] Database connection acquired from pool.
2026-09-28 05:09:59 [INFO] [order_api] Token refreshed for session 8574.
2026-09-28 05:10:39 [ERROR] [user_service] AuthenticationFailed: Invalid JWT signature for user 749.
2026-09-28 05:10:51 [WARNING] [notification_worker] Deprecated API endpoint accessed: /v1/checkout.
2026-09-28 05:10:58 [DEBUG] [notification_worker] Cache hit for key 'session:7274'.
2026-09-28 05:11:18 [WARNING] [notification_worker] High memory consumption detected: 94% used.
2026-09-28 05:12:01 [ERROR] [payment_gateway] PaymentGatewayTimeout: Stripe API call exceeded 5000ms threshold.
2026-09-28 05:12:22 [INFO] [db_pool] Token refreshed for session 8056.
2026-09-28 05:12:54 [INFO] [notification_worker] Token refreshed for session 5587.
2026-09-28 05:13:06 [INFO] [db_pool] Notification dispatched to user 166.
2026-09-28 05:13:22 [ERROR] [notification_worker] IntegrityError: Duplicate key value violates unique constraint 'users_email_key'.
2026-09-28 05:13:30 [DEBUG] [user_service] Connection pool active connections: 19.
2026-09-28 05:14:03 [INFO] [db_pool] Order #52678 placed. Total: $281.40.
2026-09-28 05:14:33 [WARNING] [user_service] Deprecated API endpoint accessed: /v1/checkout.
2026-09-28 05:14:42 [INFO] [notification_worker] Database connection acquired from pool.
2026-09-28 05:15:01 [CRITICAL] [user_service] DeadlockDetected: Transaction aborted on table 'orders'.
2026-09-28 05:15:12 [INFO] [payment_gateway] Database connection acquired from pool.
2026-09-28 05:15:22 [WARNING] [auth_service] Rate limit threshold reached for IP 192.168.1.197.
2026-09-28 05:15:27 [INFO] [db_pool] Notification dispatched to user 770.
2026-09-28 05:16:01 [INFO] [order_api] Token refreshed for session 3120.
2026-09-28 05:16:46 [WARNING] [payment_gateway] Rate limit threshold reached for IP 192.168.1.251.
2026-09-28 05:17:18 [WARNING] [payment_gateway] Slow query detected: 212ms execution time.
2026-09-28 05:17:31 [INFO] [user_service] User 295 logged in successfully.
2026-09-28 05:17:44 [INFO] [order_api] Order #41885 placed. Total: $434.11.
2026-09-28 05:17:59 [INFO] [notification_worker] Token refreshed for session 3462.
2026-09-28 05:18:06 [INFO] [auth_service] Health check probe passed in 2230ms.
2026-09-28 05:18:19 [DEBUG] [db_pool] Connection pool active connections: 8.
2026-09-28 05:18:46 [DEBUG] [payment_gateway] Connection pool active connections: 5.
2026-09-28 05:19:19 [INFO] [auth_service] Notification dispatched to user 277.
2026-09-28 05:19:52 [INFO] [user_service] Health check probe passed in 2223ms.
2026-09-28 05:20:04 [WARNING] [user_service] Deprecated API endpoint accessed: /v1/checkout.
2026-09-28 05:20:05 [INFO] [notification_worker] Database connection acquired from pool.
2026-09-28 05:20:32 [CRITICAL] [order_api] OutOfMemoryError: Container worker-2 killed by OOM killer.
2026-09-28 05:21:14 [INFO] [auth_service] Notification dispatched to user 465.
2026-09-28 05:21:24 [DEBUG] [payment_gateway] Executing query: SELECT * FROM users WHERE id = 755;
2026-09-28 05:21:52 [INFO] [order_api] Order #75667 placed. Total: $238.94.
2026-09-28 05:22:11 [ERROR] [db_pool] IntegrityError: Duplicate key value violates unique constraint 'users_email_key'.
2026-09-28 05:22:28 [INFO] [payment_gateway] Notification dispatched to user 369.
2026-09-28 05:23:02 [INFO] [auth_service] User 758 logged in successfully.
2026-09-28 05:23:44 [DEBUG] [db_pool] Cache hit for key 'session:1750'.
2026-09-28 05:24:26 [INFO] [user_service] User 764 logged in successfully.
2026-09-28 05:24:46 [CRITICAL] [order_api] ServiceUnavailable: Downstream auth cluster unreachable.
2026-09-28 05:25:08 [INFO] [order_api] Notification dispatched to user 233.
2026-09-28 05:25:40 [INFO] [notification_worker] Database connection acquired from pool.
2026-09-28 05:25:44 [INFO] [user_service] User 990 logged in successfully.
2026-09-28 05:26:24 [INFO] [order_api] Token refreshed for session 1745.
2026-09-28 05:26:48 [INFO] [notification_worker] Token refreshed for session 7237.
2026-09-28 05:27:00 [ERROR] [payment_gateway] IntegrityError: Duplicate key value violates unique constraint 'users_email_key'.
2026-09-28 05:27:12 [CRITICAL] [order_api] OutOfMemoryError: Container worker-2 killed by OOM killer.
2026-09-28 05:27:49 [INFO] [order_api] Health check probe passed in 1617ms.
2026-09-28 05:28:09 [INFO] [db_pool] User 584 logged in successfully.
2026-09-28 05:28:42 [INFO] [payment_gateway] Database connection acquired from pool.
2026-09-28 05:29:27 [INFO] [auth_service] Token refreshed for session 6167.
2026-09-28 05:30:05 [INFO] [auth_service] Notification dispatched to user 115.
2026-09-28 05:30:37 [INFO] [db_pool] User 174 logged in successfully.
2026-09-28 05:30:52 [ERROR] [payment_gateway] PaymentGatewayTimeout: Stripe API call exceeded 5000ms threshold.
2026-09-28 05:31:03 [INFO] [user_service] Token refreshed for session 8283.
2026-09-28 05:31:16 [INFO] [payment_gateway] User 923 logged in successfully.
2026-09-28 05:31:56 [WARNING] [db_pool] Deprecated API endpoint accessed: /v1/checkout.
2026-09-28 05:31:57 [INFO] [db_pool] Token refreshed for session 2402.
2026-09-28 05:32:32 [DEBUG] [user_service] Executing query: SELECT * FROM users WHERE id = 141;
2026-09-28 05:33:04 [INFO] [db_pool] Database connection acquired from pool.
2026-09-28 05:33:39 [INFO] [user_service] Health check probe passed in 1927ms.
2026-09-28 05:34:12 [INFO] [user_service] Health check probe passed in 406ms.
2026-09-28 05:34:44 [INFO] [notification_worker] Notification dispatched to user 806.
2026-09-28 05:34:52 [INFO] [db_pool] Database connection acquired from pool.
2026-09-28 05:34:57 [INFO] [db_pool] Health check probe passed in 200ms.
2026-09-28 05:35:20 [INFO] [order_api] Token refreshed for session 2013.
2026-09-28 05:35:44 [ERROR] [payment_gateway] AuthenticationFailed: Invalid JWT signature for user 541.
2026-09-28 05:36:07 [DEBUG] [user_service] Executing query: SELECT * FROM users WHERE id = 853;
2026-09-28 05:36:25 [DEBUG] [notification_worker] Executing query: SELECT * FROM users WHERE id = 774;
2026-09-28 05:36:33 [ERROR] [payment_gateway] PaymentGatewayTimeout: Stripe API call exceeded 5000ms threshold.
2026-09-28 05:36:42 [INFO] [notification_worker] User 426 logged in successfully.
2026-09-28 05:37:14 [ERROR] [order_api] AuthenticationFailed: Invalid JWT signature for user 596.
2026-09-28 05:37:35 [INFO] [auth_service] User 709 logged in successfully.
2026-09-28 05:38:13 [INFO] [auth_service] Database connection acquired from pool.
2026-09-28 05:38:31 [INFO] [order_api] Order #55519 placed. Total: $195.83.
2026-09-28 05:39:03 [INFO] [payment_gateway] Order #22160 placed. Total: $106.78.
2026-09-28 05:39:19 [INFO] [db_pool] Order #88143 placed. Total: $448.05.
2026-09-28 05:39:42 [INFO] [user_service] Health check probe passed in 415ms.
2026-09-28 05:40:08 [INFO] [order_api] Notification dispatched to user 872.
2026-09-28 05:40:49 [INFO] [notification_worker] Notification dispatched to user 736.
2026-09-28 05:41:29 [WARNING] [user_service] Deprecated API endpoint accessed: /v1/checkout.
2026-09-28 05:41:40 [INFO] [auth_service] Notification dispatched to user 480.
2026-09-28 05:41:56 [DEBUG] [payment_gateway] Connection pool active connections: 39.
2026-09-28 05:42:15 [INFO] [payment_gateway] Token refreshed for session 7458.
2026-09-28 05:42:34 [INFO] [user_service] Notification dispatched to user 277.
2026-09-28 05:42:47 [INFO] [user_service] Health check probe passed in 2196ms.
2026-09-28 05:43:06 [INFO] [order_api] Order #32960 placed. Total: $313.48.
2026-09-28 05:43:31 [DEBUG] [notification_worker] Connection pool active connections: 42.
2026-09-28 05:44:08 [ERROR] [user_service] AuthenticationFailed: Invalid JWT signature for user 825.
2026-09-28 05:44:46 [INFO] [db_pool] User 898 logged in successfully.
2026-09-28 05:44:50 [WARNING] [user_service] Slow query detected: 948ms execution time.
2026-09-28 05:45:10 [DEBUG] [user_service] Cache hit for key 'session:5167'.
2026-09-28 05:45:21 [ERROR] [user_service] FileNotFoundError: Template /app/templates/receipt.html not found.
2026-09-28 05:45:54 [ERROR] [payment_gateway] PaymentGatewayTimeout: Stripe API call exceeded 5000ms threshold.
2026-09-28 05:46:13 [INFO] [user_service] Health check probe passed in 1271ms.
2026-09-28 05:46:32 [DEBUG] [user_service] Connection pool active connections: 15.
2026-09-28 05:46:46 [WARNING] [auth_service] High memory consumption detected: 95% used.
2026-09-28 05:47:02 [INFO] [db_pool] User 331 logged in successfully.
2026-09-28 05:47:18 [INFO] [payment_gateway] Health check probe passed in 2096ms.
2026-09-28 05:47:25 [ERROR] [notification_worker] KeyError: 'user_id' not found in incoming request payload.
2026-09-28 05:47:28 [INFO] [payment_gateway] Token refreshed for session 2382.
2026-09-28 05:47:32 [INFO] [notification_worker] Notification dispatched to user 433.
2026-09-28 05:47:44 [INFO] [notification_worker] Notification dispatched to user 324.
2026-09-28 05:48:26 [INFO] [auth_service] Order #80552 placed. Total: $492.48.
2026-09-28 05:48:59 [ERROR] [auth_service] IntegrityError: Duplicate key value violates unique constraint 'users_email_key'.
2026-09-28 05:49:29 [INFO] [notification_worker] Order #77722 placed. Total: $158.36.
2026-09-28 05:49:30 [INFO] [payment_gateway] Health check probe passed in 690ms.
2026-09-28 05:49:55 [WARNING] [order_api] Deprecated API endpoint accessed: /v1/checkout.
2026-09-28 05:50:17 [INFO] [notification_worker] Database connection acquired from pool.
2026-09-28 05:50:56 [WARNING] [notification_worker] High memory consumption detected: 98% used.
2026-09-28 05:51:22 [INFO] [db_pool] Notification dispatched to user 470.
2026-09-28 05:51:58 [DEBUG] [user_service] Cache hit for key 'session:2013'.
2026-09-28 05:52:16 [INFO] [user_service] User 115 logged in successfully.
2026-09-28 05:52:36 [INFO] [notification_worker] Database connection acquired from pool.
2026-09-28 05:52:54 [INFO] [notification_worker] Token refreshed for session 3454.
2026-09-28 05:53:00 [INFO] [auth_service] User 860 logged in successfully.
2026-09-28 05:53:40 [INFO] [auth_service] Health check probe passed in 1114ms.
2026-09-28 05:53:49 [ERROR] [db_pool] PaymentGatewayTimeout: Stripe API call exceeded 5000ms threshold.
2026-09-28 05:54:20 [INFO] [order_api] Notification dispatched to user 382.
2026-09-28 05:55:04 [CRITICAL] [payment_gateway] OutOfMemoryError: Container worker-2 killed by OOM killer.
2026-09-28 05:55:28 [WARNING] [order_api] Deprecated API endpoint accessed: /v1/checkout.
2026-09-28 05:55:59 [INFO] [auth_service] Token refreshed for session 1593.
2026-09-28 05:56:35 [INFO] [notification_worker] Order #78333 placed. Total: $462.55.
2026-09-28 05:57:18 [INFO] [payment_gateway] Health check probe passed in 2304ms.
2026-09-28 05:57:55 [INFO] [db_pool] Order #59437 placed. Total: $399.75.
2026-09-28 05:58:21 [ERROR] [order_api] PaymentGatewayTimeout: Stripe API call exceeded 5000ms threshold.
2026-09-28 05:58:26 [INFO] [order_api] Order #23398 placed. Total: $393.66.
2026-09-28 05:58:28 [DEBUG] [user_service] Executing query: SELECT * FROM users WHERE id = 372;
2026-09-28 05:59:07 [INFO] [payment_gateway] User 304 logged in successfully.
2026-09-28 05:59:49 [INFO] [user_service] Database connection acquired from pool.
2026-09-28 05:59:51 [INFO] [payment_gateway] Order #43935 placed. Total: $259.96.
2026-09-28 06:00:24 [WARNING] [payment_gateway] Slow query detected: 1660ms execution time.
2026-09-28 06:00:26 [INFO] [auth_service] Token refreshed for session 4304.
2026-09-28 06:01:04 [DEBUG] [order_api] Payload verification completed for request #75901.
2026-09-28 06:01:12 [WARNING] [user_service] Rate limit threshold reached for IP 192.168.1.8.
2026-09-28 06:01:47 [INFO] [db_pool] Database connection acquired from pool.
2026-09-28 06:01:59 [INFO] [user_service] Health check probe passed in 2365ms.
2026-09-28 06:02:19 [CRITICAL] [auth_service] DeadlockDetected: Transaction aborted on table 'orders'.
2026-09-28 06:03:02 [CRITICAL] [payment_gateway] OutOfMemoryError: Container worker-2 killed by OOM killer.
2026-09-28 06:03:14 [INFO] [order_api] Notification dispatched to user 121.
2026-09-28 06:03:36 [INFO] [payment_gateway] Order #22978 placed. Total: $276.21.
2026-09-28 06:03:42 [DEBUG] [user_service] Payload verification completed for request #75140.
2026-09-28 06:04:23 [INFO] [db_pool] User 479 logged in successfully.
2026-09-28 06:05:00 [INFO] [auth_service] Token refreshed for session 6303.
2026-09-28 06:05:24 [DEBUG] [user_service] Payload verification completed for request #65991.
2026-09-28 06:05:45 [INFO] [auth_service] Database connection acquired from pool.
2026-09-28 06:05:48 [ERROR] [notification_worker] DatabaseConnectionError: Failed to connect to host db-replica-1:5432.
2026-09-28 06:05:51 [ERROR] [user_service] PaymentGatewayTimeout: Stripe API call exceeded 5000ms threshold.
2026-09-28 06:06:00 [CRITICAL] [order_api] OutOfMemoryError: Container worker-2 killed by OOM killer.
2026-09-28 06:06:38 [DEBUG] [user_service] Cache hit for key 'session:8971'.
2026-09-28 06:06:58 [ERROR] [auth_service] KeyError: 'user_id' not found in incoming request payload.
2026-09-28 06:07:12 [CRITICAL] [auth_service] ServiceUnavailable: Downstream auth cluster unreachable.
2026-09-28 06:07:42 [INFO] [payment_gateway] Token refreshed for session 7851.
2026-09-28 06:08:07 [INFO] [user_service] Health check probe passed in 198ms.
2026-09-28 06:08:30 [WARNING] [auth_service] Slow query detected: 737ms execution time.
2026-09-28 06:08:57 [WARNING] [payment_gateway] Slow query detected: 784ms execution time.
2026-09-28 06:09:22 [WARNING] [auth_service] High memory consumption detected: 95% used.
2026-09-28 06:10:03 [DEBUG] [user_service] Cache hit for key 'session:8631'.
2026-09-28 06:10:45 [ERROR] [user_service] IntegrityError: Duplicate key value violates unique constraint 'users_email_key'.
2026-09-28 06:10:59 [DEBUG] [payment_gateway] Payload verification completed for request #59577.
2026-09-28 06:11:00 [INFO] [user_service] User 408 logged in successfully.
2026-09-28 06:11:27 [INFO] [db_pool] User 537 logged in successfully.
2026-09-28 06:12:08 [INFO] [order_api] Order #48250 placed. Total: $491.14.
2026-09-28 06:12:27 [INFO] [order_api] Token refreshed for session 4787.
2026-09-28 06:12:45 [INFO] [order_api] Health check probe passed in 2116ms.
2026-09-28 06:13:14 [INFO] [payment_gateway] Health check probe passed in 1214ms.
2026-09-28 06:13:22 [DEBUG] [order_api] Payload verification completed for request #68882.
2026-09-28 06:13:52 [INFO] [notification_worker] Token refreshed for session 4025.
2026-09-28 06:13:53 [DEBUG] [auth_service] Connection pool active connections: 47.
2026-09-28 06:14:22 [INFO] [order_api] Notification dispatched to user 880.
2026-09-28 06:14:31 [INFO] [auth_service] Notification dispatched to user 477.
2026-09-28 06:14:56 [ERROR] [notification_worker] DatabaseConnectionError: Failed to connect to host db-replica-1:5432.
2026-09-28 06:15:41 [WARNING] [notification_worker] Deprecated API endpoint accessed: /v1/checkout.
2026-09-28 06:16:00 [INFO] [auth_service] Health check probe passed in 2110ms.
2026-09-28 06:16:39 [ERROR] [order_api] PaymentGatewayTimeout: Stripe API call exceeded 5000ms threshold.
2026-09-28 06:17:04 [DEBUG] [order_api] Cache hit for key 'session:4536'.
2026-09-28 06:17:31 [DEBUG] [payment_gateway] Executing query: SELECT * FROM users WHERE id = 296;
2026-09-28 06:18:08 [INFO] [order_api] Notification dispatched to user 543.
2026-09-28 06:18:41 [INFO] [db_pool] Health check probe passed in 1726ms.
2026-09-28 06:19:23 [DEBUG] [db_pool] Connection pool active connections: 21.
2026-09-28 06:19:41 [INFO] [db_pool] Database connection acquired from pool.
2026-09-28 06:19:42 [ERROR] [payment_gateway] DatabaseConnectionError: Failed to connect to host db-replica-1:5432.
2026-09-28 06:20:09 [WARNING] [payment_gateway] High memory consumption detected: 82% used.
2026-09-28 06:20:53 [INFO] [payment_gateway] Database connection acquired from pool.
2026-09-28 06:21:37 [INFO] [user_service] Token refreshed for session 3301.
2026-09-28 06:22:02 [INFO] [order_api] Database connection acquired from pool.
2026-09-28 06:22:11 [ERROR] [db_pool] PaymentGatewayTimeout: Stripe API call exceeded 5000ms threshold.
2026-09-28 06:22:20 [ERROR] [notification_worker] DatabaseConnectionError: Failed to connect to host db-replica-1:5432.
2026-09-28 06:22:25 [INFO] [auth_service] Health check probe passed in 1632ms.
2026-09-28 06:22:27 [DEBUG] [payment_gateway] Connection pool active connections: 6.
2026-09-28 06:23:02 [DEBUG] [db_pool] Payload verification completed for request #87458.
2026-09-28 06:23:20 [ERROR] [notification_worker] DatabaseConnectionError: Failed to connect to host db-replica-1:5432.
2026-09-28 06:23:29 [INFO] [auth_service] User 183 logged in successfully.
2026-09-28 06:23:54 [WARNING] [user_service] Deprecated API endpoint accessed: /v1/checkout.
2026-09-28 06:23:55 [INFO] [db_pool] Health check probe passed in 2027ms.
2026-09-28 06:24:26 [INFO] [order_api] Database connection acquired from pool.
2026-09-28 06:24:29 [INFO] [payment_gateway] Health check probe passed in 946ms.
2026-09-28 06:24:45 [INFO] [auth_service] Order #67687 placed. Total: $152.43.
2026-09-28 06:25:15 [INFO] [user_service] User 587 logged in successfully.
2026-09-28 06:25:28 [DEBUG] [auth_service] Payload verification completed for request #98162.
2026-09-28 06:25:48 [WARNING] [notification_worker] High memory consumption detected: 87% used.
2026-09-28 06:26:12 [INFO] [payment_gateway] Health check probe passed in 2208ms.
2026-09-28 06:26:37 [CRITICAL] [user_service] OutOfMemoryError: Container worker-2 killed by OOM killer.
2026-09-28 06:26:53 [DEBUG] [notification_worker] Executing query: SELECT * FROM users WHERE id = 764;
2026-09-28 06:27:07 [INFO] [auth_service] User 610 logged in successfully.
2026-09-28 06:27:19 [INFO] [order_api] Order #25687 placed. Total: $439.17.
2026-09-28 06:27:25 [INFO] [order_api] User 251 logged in successfully.
2026-09-28 06:27:35 [INFO] [auth_service] Health check probe passed in 1549ms.
2026-09-28 06:28:10 [INFO] [user_service] Health check probe passed in 1714ms.
2026-09-28 06:28:38 [INFO] [payment_gateway] Health check probe passed in 2033ms.
2026-09-28 06:28:44 [INFO] [order_api] Order #13100 placed. Total: $253.96.
2026-09-28 06:28:46 [INFO] [payment_gateway] Token refreshed for session 4748.
2026-09-28 06:28:51 [ERROR] [notification_worker] FileNotFoundError: Template /app/templates/receipt.html not found.
2026-09-28 06:28:52 [DEBUG] [order_api] Cache hit for key 'session:3180'.
2026-09-28 06:28:58 [INFO] [db_pool] Notification dispatched to user 310.
2026-09-28 06:29:32 [DEBUG] [db_pool] Cache hit for key 'session:1794'.
2026-09-28 06:29:44 [INFO] [notification_worker] Token refreshed for session 5110.
2026-09-28 06:29:55 [INFO] [auth_service] User 858 logged in successfully.
2026-09-28 06:30:16 [INFO] [notification_worker] Notification dispatched to user 231.
2026-09-28 06:30:20 [WARNING] [order_api] Rate limit threshold reached for IP 192.168.1.229.
2026-09-28 06:30:39 [CRITICAL] [auth_service] DeadlockDetected: Transaction aborted on table 'orders'.
2026-09-28 06:31:18 [DEBUG] [notification_worker] Cache hit for key 'session:1922'.
2026-09-28 06:31:31 [CRITICAL] [payment_gateway] DeadlockDetected: Transaction aborted on table 'orders'.
2026-09-28 06:31:46 [INFO] [notification_worker] Database connection acquired from pool.
2026-09-28 06:32:00 [INFO] [user_service] Order #93191 placed. Total: $347.46.
2026-09-28 06:32:44 [DEBUG] [db_pool] Payload verification completed for request #66978.
2026-09-28 06:33:16 [INFO] [auth_service] Order #45661 placed. Total: $61.27.
2026-09-28 06:33:28 [INFO] [db_pool] Order #41559 placed. Total: $465.35.
2026-09-28 06:34:06 [INFO] [notification_worker] Health check probe passed in 1104ms.
2026-09-28 06:34:07 [INFO] [db_pool] Token refreshed for session 1540.
2026-09-28 06:34:28 [ERROR] [auth_service] DatabaseConnectionError: Failed to connect to host db-replica-1:5432.
2026-09-28 06:34:48 [DEBUG] [payment_gateway] Payload verification completed for request #73450.
2026-09-28 06:34:54 [WARNING] [notification_worker] Deprecated API endpoint accessed: /v1/checkout.
2026-09-28 06:35:10 [DEBUG] [auth_service] Payload verification completed for request #60514.
2026-09-28 06:35:14 [ERROR] [user_service] PaymentGatewayTimeout: Stripe API call exceeded 5000ms threshold.
2026-09-28 06:35:39 [WARNING] [db_pool] Deprecated API endpoint accessed: /v1/checkout.
2026-09-28 06:35:41 [INFO] [db_pool] Notification dispatched to user 735.
2026-09-28 06:36:00 [DEBUG] [auth_service] Cache hit for key 'session:2453'.
2026-09-28 06:36:09 [ERROR] [notification_worker] KeyError: 'user_id' not found in incoming request payload.
2026-09-28 06:36:39 [INFO] [auth_service] Notification dispatched to user 123.
2026-09-28 06:37:01 [CRITICAL] [db_pool] OutOfMemoryError: Container worker-2 killed by OOM killer.
2026-09-28 06:37:34 [WARNING] [notification_worker] Slow query detected: 1133ms execution time.
2026-09-28 06:37:38 [CRITICAL] [order_api] OutOfMemoryError: Container worker-2 killed by OOM killer.
2026-09-28 06:37:49 [INFO] [order_api] User 527 logged in successfully.
2026-09-28 06:37:59 [INFO] [user_service] Health check probe passed in 201ms.
2026-09-28 06:38:18 [INFO] [db_pool] User 420 logged in successfully.
2026-09-28 06:38:47 [ERROR] [payment_gateway] KeyError: 'user_id' not found in incoming request payload.
2026-09-28 06:38:50 [CRITICAL] [user_service] ServiceUnavailable: Downstream auth cluster unreachable.
2026-09-28 06:39:33 [INFO] [payment_gateway] Health check probe passed in 2371ms.
2026-09-28 06:40:04 [INFO] [payment_gateway] User 830 logged in successfully.
2026-09-28 06:40:31 [ERROR] [payment_gateway] IntegrityError: Duplicate key value violates unique constraint 'users_email_key'.
2026-09-28 06:40:54 [INFO] [notification_worker] Token refreshed for session 5653.
2026-09-28 06:41:23 [INFO] [auth_service] Database connection acquired from pool.
2026-09-28 06:41:28 [INFO] [db_pool] Notification dispatched to user 920.
2026-09-28 06:42:13 [WARNING] [payment_gateway] Rate limit threshold reached for IP 192.168.1.185.
2026-09-28 06:42:29 [DEBUG] [user_service] Cache hit for key 'session:9256'.
2026-09-28 06:43:04 [DEBUG] [order_api] Cache hit for key 'session:1964'.
2026-09-28 06:43:06 [INFO] [notification_worker] User 880 logged in successfully.
2026-09-28 06:43:11 [WARNING] [user_service] High memory consumption detected: 89% used.
2026-09-28 06:43:15 [ERROR] [auth_service] KeyError: 'user_id' not found in incoming request payload.
2026-09-28 06:43:57 [INFO] [user_service] Notification dispatched to user 248.
2026-09-28 06:44:14 [WARNING] [payment_gateway] Slow query detected: 531ms execution time.
2026-09-28 06:44:44 [INFO] [order_api] Order #40240 placed. Total: $285.47.
2026-09-28 06:45:00 [WARNING] [db_pool] High memory consumption detected: 86% used.
2026-09-28 06:45:34 [INFO] [order_api] User 290 logged in successfully.
2026-09-28 06:45:42 [INFO] [notification_worker] Health check probe passed in 467ms.
2026-09-28 06:45:45 [INFO] [db_pool] Token refreshed for session 1422.
2026-09-28 06:46:23 [INFO] [payment_gateway] Token refreshed for session 1339.
2026-09-28 06:46:59 [INFO] [user_service] Token refreshed for session 3810.
2026-09-28 06:47:03 [INFO] [db_pool] Health check probe passed in 1447ms.
2026-09-28 06:47:07 [DEBUG] [db_pool] Payload verification completed for request #68662.
2026-09-28 06:47:09 [INFO] [order_api] User 896 logged in successfully.
2026-09-28 06:47:33 [DEBUG] [payment_gateway] Cache hit for key 'session:3078'.
2026-09-28 06:48:13 [INFO] [user_service] Database connection acquired from pool.
2026-09-28 06:48:38 [CRITICAL] [db_pool] ServiceUnavailable: Downstream auth cluster unreachable.
2026-09-28 06:48:52 [ERROR] [notification_worker] FileNotFoundError: Template /app/templates/receipt.html not found.
2026-09-28 06:49:07 [DEBUG] [payment_gateway] Payload verification completed for request #71327.
2026-09-28 06:49:41 [INFO] [db_pool] Notification dispatched to user 392.
2026-09-28 06:49:49 [WARNING] [order_api] Slow query detected: 417ms execution time.
2026-09-28 06:50:26 [INFO] [auth_service] User 240 logged in successfully.
2026-09-28 06:51:07 [ERROR] [auth_service] IntegrityError: Duplicate key value violates unique constraint 'users_email_key'.
2026-09-28 06:51:36 [INFO] [order_api] Notification dispatched to user 614.
2026-09-28 06:51:40 [ERROR] [payment_gateway] DatabaseConnectionError: Failed to connect to host db-replica-1:5432.
2026-09-28 06:51:48 [DEBUG] [user_service] Payload verification completed for request #94771.
2026-09-28 06:52:02 [INFO] [payment_gateway] Token refreshed for session 7987.
2026-09-28 06:52:45 [INFO] [auth_service] User 242 logged in successfully.
2026-09-28 06:53:25 [DEBUG] [auth_service] Connection pool active connections: 48.
2026-09-28 06:53:45 [INFO] [auth_service] Token refreshed for session 3032.
2026-09-28 06:54:13 [INFO] [user_service] Database connection acquired from pool.
2026-09-28 06:54:32 [INFO] [order_api] Token refreshed for session 6651.
2026-09-28 06:55:13 [DEBUG] [user_service] Connection pool active connections: 18.
2026-09-28 06:55:49 [ERROR] [db_pool] AuthenticationFailed: Invalid JWT signature for user 372.
2026-09-28 06:56:08 [ERROR] [db_pool] KeyError: 'user_id' not found in incoming request payload.
2026-09-28 06:56:38 [DEBUG] [notification_worker] Payload verification completed for request #61692.
2026-09-28 06:56:41 [INFO] [order_api] User 324 logged in successfully.
2026-09-28 06:57:06 [CRITICAL] [db_pool] ServiceUnavailable: Downstream auth cluster unreachable.
2026-09-28 06:57:44 [INFO] [auth_service] Notification dispatched to user 873.
2026-09-28 06:58:03 [DEBUG] [order_api] Payload verification completed for request #70328.
2026-09-28 06:58:15 [ERROR] [order_api] FileNotFoundError: Template /app/templates/receipt.html not found.
2026-09-28 06:58:24 [WARNING] [db_pool] Deprecated API endpoint accessed: /v1/checkout.
2026-09-28 06:59:00 [DEBUG] [user_service] Executing query: SELECT * FROM users WHERE id = 498;
2026-09-28 06:59:04 [WARNING] [payment_gateway] Deprecated API endpoint accessed: /v1/checkout.
2026-09-28 06:59:26 [ERROR] [notification_worker] KeyError: 'user_id' not found in incoming request payload.
2026-09-28 06:59:31 [WARNING] [payment_gateway] Rate limit threshold reached for IP 192.168.1.147.
2026-09-28 06:59:38 [INFO] [notification_worker] Order #79645 placed. Total: $228.61.
2026-09-28 06:59:52 [ERROR] [db_pool] IntegrityError: Duplicate key value violates unique constraint 'users_email_key'.
2026-09-28 07:00:04 [INFO] [notification_worker] Database connection acquired from pool.
2026-09-28 07:00:35 [INFO] [notification_worker] Database connection acquired from pool.
2026-09-28 07:01:10 [INFO] [auth_service] Order #11417 placed. Total: $129.85.
2026-09-28 07:01:26 [INFO] [notification_worker] Database connection acquired from pool.
2026-09-28 07:02:04 [INFO] [payment_gateway] Database connection acquired from pool.
2026-09-28 07:02:26 [INFO] [notification_worker] Order #87164 placed. Total: $307.27.
2026-09-28 07:03:11 [CRITICAL] [auth_service] DeadlockDetected: Transaction aborted on table 'orders'.
2026-09-28 07:03:33 [DEBUG] [db_pool] Connection pool active connections: 43.
2026-09-28 07:04:12 [CRITICAL] [db_pool] ServiceUnavailable: Downstream auth cluster unreachable.
2026-09-28 07:04:57 [WARNING] [db_pool] Deprecated API endpoint accessed: /v1/checkout.
2026-09-28 07:05:12 [ERROR] [auth_service] DatabaseConnectionError: Failed to connect to host db-replica-1:5432.
2026-09-28 07:05:47 [INFO] [db_pool] Token refreshed for session 4348.
2026-09-28 07:05:55 [INFO] [payment_gateway] User 908 logged in successfully.
2026-09-28 07:06:13 [INFO] [payment_gateway] Token refreshed for session 4009.
2026-09-28 07:06:34 [ERROR] [user_service] AuthenticationFailed: Invalid JWT signature for user 372.
2026-09-28 07:07:19 [INFO] [notification_worker] Health check probe passed in 1592ms.
2026-09-28 07:07:38 [ERROR] [auth_service] FileNotFoundError: Template /app/templates/receipt.html not found.
2026-09-28 07:07:47 [INFO] [auth_service] Database connection acquired from pool.
2026-09-28 07:07:57 [INFO] [notification_worker] Database connection acquired from pool.
2026-09-28 07:08:29 [DEBUG] [payment_gateway] Payload verification completed for request #72064.
2026-09-28 07:09:07 [INFO] [auth_service] Order #29020 placed. Total: $187.02.
2026-09-28 07:09:48 [INFO] [db_pool] User 358 logged in successfully.
2026-09-28 07:10:25 [INFO] [user_service] Health check probe passed in 1445ms.
2026-09-28 07:10:30 [INFO] [payment_gateway] Notification dispatched to user 343.
2026-09-28 07:11:00 [INFO] [auth_service] Health check probe passed in 2156ms.
2026-09-28 07:11:09 [ERROR] [auth_service] AuthenticationFailed: Invalid JWT signature for user 644.
2026-09-28 07:11:15 [INFO] [order_api] Token refreshed for session 8201.
2026-09-28 07:11:28 [ERROR] [user_service] DatabaseConnectionError: Failed to connect to host db-replica-1:5432.
2026-09-28 07:12:03 [INFO] [user_service] Notification dispatched to user 437.
2026-09-28 07:12:30 [INFO] [payment_gateway] Order #32105 placed. Total: $432.79.
2026-09-28 07:13:01 [CRITICAL] [notification_worker] ServiceUnavailable: Downstream auth cluster unreachable.
2026-09-28 07:13:07 [INFO] [db_pool] Order #77221 placed. Total: $106.63.
2026-09-28 07:13:43 [INFO] [payment_gateway] User 768 logged in successfully.
2026-09-28 07:13:48 [INFO] [db_pool] Notification dispatched to user 350.
2026-09-28 07:13:57 [INFO] [payment_gateway] Notification dispatched to user 624.
2026-09-28 07:14:31 [DEBUG] [user_service] Payload verification completed for request #60304.
2026-09-28 07:14:43 [INFO] [auth_service] Notification dispatched to user 536.
2026-09-28 07:14:55 [WARNING] [user_service] Slow query detected: 1854ms execution time.
2026-09-28 07:15:23 [INFO] [notification_worker] User 661 logged in successfully.
2026-09-28 07:16:08 [CRITICAL] [user_service] ServiceUnavailable: Downstream auth cluster unreachable.
2026-09-28 07:16:25 [WARNING] [payment_gateway] Rate limit threshold reached for IP 192.168.1.194.
2026-09-28 07:16:45 [DEBUG] [user_service] Executing query: SELECT * FROM users WHERE id = 590;
2026-09-28 07:17:16 [INFO] [auth_service] Health check probe passed in 2229ms.
2026-09-28 07:17:25 [ERROR] [db_pool] IntegrityError: Duplicate key value violates unique constraint 'users_email_key'.
2026-09-28 07:18:03 [INFO] [notification_worker] Database connection acquired from pool.
2026-09-28 07:18:23 [INFO] [auth_service] User 926 logged in successfully.
2026-09-28 07:18:25 [ERROR] [user_service] IntegrityError: Duplicate key value violates unique constraint 'users_email_key'.
2026-09-28 07:18:49 [INFO] [auth_service] Order #22876 placed. Total: $345.10.
2026-09-28 07:18:56 [INFO] [order_api] Notification dispatched to user 598.
2026-09-28 07:19:12 [INFO] [notification_worker] Health check probe passed in 1655ms.
2026-09-28 07:19:38 [ERROR] [payment_gateway] PaymentGatewayTimeout: Stripe API call exceeded 5000ms threshold.
2026-09-28 07:19:57 [INFO] [user_service] Database connection acquired from pool.
2026-09-28 07:20:41 [INFO] [auth_service] Health check probe passed in 1854ms.
2026-09-28 07:20:57 [ERROR] [payment_gateway] AuthenticationFailed: Invalid JWT signature for user 855.
2026-09-28 07:21:33 [DEBUG] [notification_worker] Executing query: SELECT * FROM users WHERE id = 500;
2026-09-28 07:21:37 [INFO] [user_service] Order #88578 placed. Total: $270.83.
2026-09-28 07:22:02 [INFO] [notification_worker] Health check probe passed in 371ms.
2026-09-28 07:22:24 [INFO] [db_pool] User 221 logged in successfully.
2026-09-28 07:22:28 [INFO] [payment_gateway] Notification dispatched to user 441.
2026-09-28 07:23:05 [INFO] [order_api] Notification dispatched to user 307.
2026-09-28 07:23:44 [INFO] [user_service] Notification dispatched to user 642.
2026-09-28 07:24:13 [INFO] [notification_worker] Notification dispatched to user 811.
2026-09-28 07:24:37 [INFO] [payment_gateway] Notification dispatched to user 880.
2026-09-28 07:25:15 [ERROR] [order_api] DatabaseConnectionError: Failed to connect to host db-replica-1:5432.
2026-09-28 07:25:46 [INFO] [order_api] Notification dispatched to user 106.
2026-09-28 07:25:58 [DEBUG] [user_service] Executing query: SELECT * FROM users WHERE id = 939;
2026-09-28 07:26:07 [DEBUG] [payment_gateway] Connection pool active connections: 45.
2026-09-28 07:26:49 [DEBUG] [notification_worker] Executing query: SELECT * FROM users WHERE id = 683;
2026-09-28 07:27:14 [INFO] [db_pool] Database connection acquired from pool.
2026-09-28 07:27:15 [WARNING] [user_service] Deprecated API endpoint accessed: /v1/checkout.
2026-09-28 07:27:46 [WARNING] [db_pool] Deprecated API endpoint accessed: /v1/checkout.
2026-09-28 07:28:16 [INFO] [db_pool] Database connection acquired from pool.
2026-09-28 07:28:19 [INFO] [notification_worker] Health check probe passed in 2053ms.
2026-09-28 07:28:42 [INFO] [payment_gateway] User 539 logged in successfully.
2026-09-28 07:29:09 [CRITICAL] [payment_gateway] OutOfMemoryError: Container worker-2 killed by OOM killer.
2026-09-28 07:29:30 [ERROR] [auth_service] KeyError: 'user_id' not found in incoming request payload.
2026-09-28 07:29:48 [INFO] [db_pool] Health check probe passed in 769ms.
2026-09-28 07:30:20 [ERROR] [notification_worker] PaymentGatewayTimeout: Stripe API call exceeded 5000ms threshold.
2026-09-28 07:30:29 [ERROR] [order_api] IntegrityError: Duplicate key value violates unique constraint 'users_email_key'.
2026-09-28 07:30:57 [DEBUG] [notification_worker] Payload verification completed for request #83298.
2026-09-28 07:31:33 [DEBUG] [order_api] Executing query: SELECT * FROM users WHERE id = 464;
2026-09-28 07:31:56 [DEBUG] [payment_gateway] Executing query: SELECT * FROM users WHERE id = 788;
2026-09-28 07:32:30 [INFO] [order_api] Notification dispatched to user 763.
2026-09-28 07:32:48 [INFO] [db_pool] User 945 logged in successfully.
2026-09-28 07:33:24 [INFO] [db_pool] Token refreshed for session 5543.
2026-09-28 07:33:50 [INFO] [notification_worker] Health check probe passed in 155ms.
2026-09-28 07:34:20 [INFO] [notification_worker] Health check probe passed in 330ms.
2026-09-28 07:34:35 [INFO] [order_api] Health check probe passed in 608ms.
2026-09-28 07:35:13 [INFO] [payment_gateway] User 674 logged in successfully.
2026-09-28 07:35:34 [INFO] [order_api] User 644 logged in successfully.
2026-09-28 07:35:59 [INFO] [payment_gateway] Token refreshed for session 2044.
2026-09-28 07:36:34 [INFO] [payment_gateway] Token refreshed for session 4101.
2026-09-28 07:37:00 [WARNING] [order_api] High memory consumption detected: 91% used.
2026-09-28 07:37:03 [INFO] [auth_service] Order #65753 placed. Total: $287.87.
2026-09-28 07:37:35 [INFO] [auth_service] Notification dispatched to user 136.
2026-09-28 07:38:03 [CRITICAL] [user_service] DeadlockDetected: Transaction aborted on table 'orders'.
2026-09-28 07:38:10 [INFO] [user_service] Notification dispatched to user 692.
2026-09-28 07:38:24 [INFO] [notification_worker] Notification dispatched to user 601.
2026-09-28 07:38:38 [WARNING] [db_pool] High memory consumption detected: 87% used.
2026-09-28 07:39:01 [INFO] [notification_worker] User 166 logged in successfully.
2026-09-28 07:39:29 [DEBUG] [payment_gateway] Executing query: SELECT * FROM users WHERE id = 455;
2026-09-28 07:39:42 [INFO] [user_service] User 133 logged in successfully.
2026-09-28 07:39:59 [INFO] [payment_gateway] Token refreshed for session 1532.
2026-09-28 07:40:14 [INFO] [payment_gateway] User 968 logged in successfully.
2026-09-28 07:40:34 [INFO] [payment_gateway] User 944 logged in successfully.
2026-09-28 07:41:05 [INFO] [db_pool] Token refreshed for session 7336.
2026-09-28 07:41:36 [INFO] [payment_gateway] User 652 logged in successfully.
2026-09-28 07:42:07 [DEBUG] [payment_gateway] Payload verification completed for request #76093.
2026-09-28 07:42:18 [DEBUG] [notification_worker] Payload verification completed for request #85158.
2026-09-28 07:42:42 [INFO] [auth_service] Order #13679 placed. Total: $22.28.
2026-09-28 07:43:03 [INFO] [order_api] Health check probe passed in 1889ms.
2026-09-28 07:43:37 [INFO] [user_service] User 694 logged in successfully.
2026-09-28 07:43:59 [INFO] [payment_gateway] Notification dispatched to user 172.
2026-09-28 07:44:10 [INFO] [db_pool] Health check probe passed in 483ms.
2026-09-28 07:44:50 [INFO] [auth_service] Notification dispatched to user 350.
2026-09-28 07:45:25 [DEBUG] [db_pool] Payload verification completed for request #55943.
2026-09-28 07:45:29 [INFO] [payment_gateway] Order #25708 placed. Total: $454.09.
2026-09-28 07:46:02 [INFO] [auth_service] Notification dispatched to user 465.
2026-09-28 07:46:32 [INFO] [notification_worker] User 207 logged in successfully.
2026-09-28 07:47:03 [DEBUG] [user_service] Payload verification completed for request #59663.
2026-09-28 07:47:21 [INFO] [payment_gateway] Database connection acquired from pool.
2026-09-28 07:47:40 [WARNING] [notification_worker] Rate limit threshold reached for IP 192.168.1.62.
2026-09-28 07:48:00 [ERROR] [notification_worker] FileNotFoundError: Template /app/templates/receipt.html not found.
2026-09-28 07:48:33 [INFO] [user_service] User 661 logged in successfully.
2026-09-28 07:49:13 [INFO] [auth_service] Order #96893 placed. Total: $88.18.
2026-09-28 07:49:21 [WARNING] [auth_service] Deprecated API endpoint accessed: /v1/checkout.
2026-09-28 07:49:41 [INFO] [notification_worker] Health check probe passed in 1948ms.
2026-09-28 07:49:53 [CRITICAL] [db_pool] OutOfMemoryError: Container worker-2 killed by OOM killer.
2026-09-28 07:50:07 [ERROR] [payment_gateway] PaymentGatewayTimeout: Stripe API call exceeded 5000ms threshold.
2026-09-28 07:50:40 [INFO] [payment_gateway] Order #97617 placed. Total: $120.39.
2026-09-28 07:50:41 [INFO] [db_pool] Database connection acquired from pool.
2026-09-28 07:51:23 [INFO] [notification_worker] Notification dispatched to user 147.
2026-09-28 07:51:55 [DEBUG] [auth_service] Cache hit for key 'session:2699'.
2026-09-28 07:52:04 [INFO] [db_pool] Database connection acquired from pool.
2026-09-28 07:52:10 [INFO] [auth_service] Health check probe passed in 735ms.
2026-09-28 07:52:31 [INFO] [db_pool] Order #89870 placed. Total: $298.98.
2026-09-28 07:52:34 [CRITICAL] [order_api] DeadlockDetected: Transaction aborted on table 'orders'.
2026-09-28 07:53:16 [INFO] [user_service] User 707 logged in successfully.
2026-09-28 07:53:19 [INFO] [db_pool] Order #55782 placed. Total: $428.42.
2026-09-28 07:53:34 [INFO] [order_api] Health check probe passed in 2175ms.
2026-09-28 07:54:08 [INFO] [db_pool] Token refreshed for session 8548.
2026-09-28 07:54:48 [INFO] [notification_worker] Notification dispatched to user 724.
2026-09-28 07:54:49 [INFO] [db_pool] Health check probe passed in 1581ms.
2026-09-28 07:55:22 [INFO] [notification_worker] Token refreshed for session 4276.
2026-09-28 07:55:24 [DEBUG] [auth_service] Payload verification completed for request #94693.
2026-09-28 07:55:42 [WARNING] [auth_service] Rate limit threshold reached for IP 192.168.1.32.
2026-09-28 07:55:46 [INFO] [auth_service] Token refreshed for session 9086.
2026-09-28 07:55:49 [ERROR] [auth_service] FileNotFoundError: Template /app/templates/receipt.html not found.
2026-09-28 07:55:57 [DEBUG] [payment_gateway] Payload verification completed for request #99830.
2026-09-28 07:56:32 [DEBUG] [notification_worker] Cache hit for key 'session:1591'.
2026-09-28 07:57:13 [ERROR] [db_pool] PaymentGatewayTimeout: Stripe API call exceeded 5000ms threshold.
2026-09-28 07:57:58 [INFO] [payment_gateway] Token refreshed for session 9767.
2026-09-28 07:58:36 [DEBUG] [payment_gateway] Connection pool active connections: 12.
2026-09-28 07:59:15 [INFO] [db_pool] Token refreshed for session 7622.
2026-09-28 07:59:35 [INFO] [notification_worker] Notification dispatched to user 865.
2026-09-28 07:59:38 [DEBUG] [user_service] Executing query: SELECT * FROM users WHERE id = 819;
2026-09-28 08:00:23 [INFO] [user_service] User 477 logged in successfully.
2026-09-28 08:00:59 [INFO] [auth_service] Token refreshed for session 1484.
2026-09-28 08:01:35 [DEBUG] [order_api] Payload verification completed for request #83690.
2026-09-28 08:02:10 [WARNING] [auth_service] Deprecated API endpoint accessed: /v1/checkout.
2026-09-28 08:02:51 [DEBUG] [auth_service] Payload verification completed for request #58141.
2026-09-28 08:03:14 [DEBUG] [order_api] Cache hit for key 'session:2601'.
2026-09-28 08:03:19 [INFO] [payment_gateway] Token refreshed for session 2524.
2026-09-28 08:04:03 [WARNING] [payment_gateway] Deprecated API endpoint accessed: /v1/checkout.
2026-09-28 08:04:19 [ERROR] [db_pool] KeyError: 'user_id' not found in incoming request payload.
2026-09-28 08:05:01 [DEBUG] [db_pool] Connection pool active connections: 16.
2026-09-28 08:05:17 [DEBUG] [db_pool] Executing query: SELECT * FROM users WHERE id = 198;
2026-09-28 08:05:22 [INFO] [notification_worker] Health check probe passed in 2329ms.
2026-09-28 08:05:56 [WARNING] [auth_service] High memory consumption detected: 90% used.
2026-09-28 08:06:34 [INFO] [auth_service] Notification dispatched to user 572.
2026-09-28 08:07:01 [INFO] [auth_service] User 687 logged in successfully.
2026-09-28 08:07:21 [INFO] [payment_gateway] Token refreshed for session 8245.
2026-09-28 08:08:01 [INFO] [user_service] Database connection acquired from pool.
2026-09-28 08:08:14 [WARNING] [order_api] Deprecated API endpoint accessed: /v1/checkout.
2026-09-28 08:08:57 [INFO] [payment_gateway] Order #13954 placed. Total: $374.84.
2026-09-28 08:09:30 [DEBUG] [payment_gateway] Payload verification completed for request #96841.
2026-09-28 08:09:55 [DEBUG] [notification_worker] Executing query: SELECT * FROM users WHERE id = 408;
2026-09-28 08:10:21 [WARNING] [notification_worker] Rate limit threshold reached for IP 192.168.1.220.
2026-09-28 08:10:43 [INFO] [payment_gateway] Notification dispatched to user 222.
2026-09-28 08:11:04 [ERROR] [auth_service] FileNotFoundError: Template /app/templates/receipt.html not found.
2026-09-28 08:11:05 [DEBUG] [db_pool] Executing query: SELECT * FROM users WHERE id = 787;
2026-09-28 08:11:19 [INFO] [auth_service] Token refreshed for session 8728.
2026-09-28 08:11:58 [ERROR] [user_service] IntegrityError: Duplicate key value violates unique constraint 'users_email_key'.
2026-09-28 08:12:39 [INFO] [auth_service] Notification dispatched to user 983.
2026-09-28 08:13:05 [INFO] [notification_worker] User 191 logged in successfully.
2026-09-28 08:13:42 [INFO] [user_service] User 912 logged in successfully.
2026-09-28 08:13:44 [CRITICAL] [payment_gateway] OutOfMemoryError: Container worker-2 killed by OOM killer.
2026-09-28 08:14:10 [INFO] [db_pool] Health check probe passed in 1725ms.
2026-09-28 08:14:46 [DEBUG] [order_api] Cache hit for key 'session:2153'.
2026-09-28 08:15:30 [DEBUG] [order_api] Connection pool active connections: 31.
